event,residual
0.000000000000e+00,8.415341587677e-16
2.000000000000e+01,7.936964279478e-16
4.000000000000e+01,2.891041400506e-16
6.000000000000e+01,1.807918989282e-16
8.000000000000e+01,2.625331435390e-15
1.000000000000e+02,8.946069942557e-16
1.200000000000e+02,3.740206050761e-16
1.400000000000e+02,9.718426618230e-16
1.600000000000e+02,1.622748198511e-15
1.800000000000e+02,1.738466026763e-15
2.000000000000e+02,1.673782957145e-15
2.200000000000e+02,2.006955167769e-15
2.400000000000e+02,1.839924049118e-15
2.600000000000e+02,8.417424112204e-16
2.800000000000e+02,1.581039218483e-15
3.000000000000e+02,1.185619659698e-15
3.200000000000e+02,1.110728892556e-15
3.400000000000e+02,1.029986889455e-15
3.600000000000e+02,2.206424163971e-15
3.800000000000e+02,1.852543645075e-15
4.000000000000e+02,2.414040887509e-15
4.200000000000e+02,1.042153779912e-15
4.400000000000e+02,1.185811565943e-15
4.600000000000e+02,5.725261547012e-16
4.800000000000e+02,5.511511777343e-16
5.000000000000e+02,5.290535117441e-16
5.200000000000e+02,6.762206159284e-16
5.400000000000e+02,6.504638140998e-16
5.600000000000e+02,1.257995813490e-15
5.800000000000e+02,1.360542694091e-15
6.000000000000e+02,4.402588988095e-16
6.200000000000e+02,7.079056238857e-16
6.400000000000e+02,6.816617579818e-16
6.600000000000e+02,1.197111846362e-15
6.800000000000e+02,1.411349589673e-15
7.000000000000e+02,2.861778624219e-15
7.200000000000e+02,3.027072579674e-15
7.400000000000e+02,2.694300587470e-15
7.600000000000e+02,2.961289498964e-15
7.800000000000e+02,2.219025259064e-15
8.000000000000e+02,3.035204521777e-15
8.200000000000e+02,1.905947268459e-15
8.400000000000e+02,3.129411544128e-15
8.600000000000e+02,1.623918462435e-15
8.800000000000e+02,1.188337097386e-15
9.000000000000e+02,7.735671871061e-16
9.200000000000e+02,1.331276125638e-15
9.400000000000e+02,1.487456460352e-15
9.600000000000e+02,1.819193570582e-15
9.800000000000e+02,2.322832811487e-15
1.000000000000e+03,1.751412343234e-15
1.020000000000e+03,1.714883160882e-15
1.040000000000e+03,1.345805945764e-15
1.060000000000e+03,2.648452538526e-15
1.080000000000e+03,3.243640635543e-15
1.100000000000e+03,4.134930449855e-15
1.120000000000e+03,3.911840801231e-15
1.140000000000e+03,3.536534092541e-15
1.160000000000e+03,3.620189946541e-15
1.180000000000e+03,3.565017519685e-15
1.200000000000e+03,4.520576938362e-15
1.220000000000e+03,3.726186739547e-15
1.240000000000e+03,4.107181071021e-15
1.260000000000e+03,3.629784900086e-15
1.280000000000e+03,1.780601098043e-15
1.300000000000e+03,1.485873849825e-15
1.320000000000e+03,0.000000000000e+00
1.340000000000e+03,1.313870788601e-16
1.360000000000e+03,1.034612430419e-15
1.380000000000e+03,1.274525847205e-16
1.400000000000e+03,2.508339440208e-15
1.420000000000e+03,2.349942255046e-15
1.440000000000e+03,3.034784594877e-15
1.460000000000e+03,2.509816199140e-15
1.480000000000e+03,2.358949445698e-15
1.500000000000e+03,2.327277451018e-15
1.520000000000e+03,2.867498314521e-15
1.540000000000e+03,2.602155500069e-15
1.560000000000e+03,3.456021603933e-15
1.580000000000e+03,3.740766984093e-15
1.600000000000e+03,3.692092015364e-15
1.620000000000e+03,3.856589470671e-15
1.640000000000e+03,3.388651112882e-15
1.660000000000e+03,3.555921972643e-15
1.680000000000e+03,2.897742892517e-15
1.700000000000e+03,3.881798033278e-15
1.720000000000e+03,4.247851343568e-15
1.740000000000e+03,4.388197588138e-15
1.760000000000e+03,3.943909918403e-15
1.780000000000e+03,3.890237108846e-15
1.800000000000e+03,4.043871341853e-15
1.820000000000e+03,4.191439066114e-15
1.840000000000e+03,4.523045599631e-15
1.860000000000e+03,4.096984077547e-15
1.880000000000e+03,3.683362428808e-15
1.900000000000e+03,4.189648687245e-15
1.920000000000e+03,4.325053768757e-15
1.940000000000e+03,5.166377777985e-15
1.960000000000e+03,5.468388408219e-15
1.980000000000e+03,5.589118481788e-15
2.000000000000e+03,5.532154245928e-15
2.020000000000e+03,5.311310203365e-15
2.040000000000e+03,4.751527666946e-15
2.060000000000e+03,5.548328521792e-15
2.080000000000e+03,5.162860608425e-15
2.100000000000e+03,4.944290548335e-15
2.120000000000e+03,5.216365423281e-15
2.140000000000e+03,5.319524431051e-15
2.160000000000e+03,5.593903453851e-15
2.180000000000e+03,5.533917800255e-15
2.200000000000e+03,5.487681784684e-15
2.220000000000e+03,4.975263128067e-15
2.240000000000e+03,4.935649566801e-15
2.260000000000e+03,4.888567366664e-15
2.280000000000e+03,4.690421834164e-15
2.300000000000e+03,4.489535407860e-15
2.320000000000e+03,4.604360490916e-15
2.340000000000e+03,4.572070287926e-15
2.360000000000e+03,4.237403977858e-15
2.380000000000e+03,3.767041316647e-15
2.400000000000e+03,4.746092334346e-15
2.420000000000e+03,5.272287920004e-15
2.440000000000e+03,5.786307145799e-15
2.460000000000e+03,5.591678550401e-15
2.480000000000e+03,5.409841420047e-15
2.500000000000e+03,5.923333384389e-15
2.520000000000e+03,5.469183438722e-15
2.540000000000e+03,5.300334026041e-15
2.560000000000e+03,5.123991732447e-15
2.580000000000e+03,4.955307450481e-15
2.600000000000e+03,5.047843783014e-15
2.620000000000e+03,4.878297317230e-15
2.640000000000e+03,5.235590997584e-15
2.660000000000e+03,4.938198817802e-15
2.680000000000e+03,4.771937023178e-15
2.700000000000e+03,3.968566123141e-15
2.720000000000e+03,4.191851429446e-15
2.740000000000e+03,3.912079507168e-15
2.760000000000e+03,3.754787636504e-15
2.780000000000e+03,3.108953741649e-15
2.800000000000e+03,2.839989044570e-15
2.820000000000e+03,2.821082584467e-15
2.840000000000e+03,2.800781573814e-15
2.860000000000e+03,2.902641962266e-15
2.880000000000e+03,3.244420618997e-15
2.900000000000e+03,3.581540539649e-15
2.920000000000e+03,3.438129220231e-15
2.940000000000e+03,3.302407939907e-15
2.960000000000e+03,3.636291731763e-15
2.980000000000e+03,3.728482427524e-15
3.000000000000e+03,3.476449317022e-15
3.020000000000e+03,3.454734465127e-15
3.040000000000e+03,3.315341437302e-15
3.060000000000e+03,3.067779267474e-15
3.080000000000e+03,3.496468876007e-15
3.100000000000e+03,3.810482266360e-15
3.120000000000e+03,3.560275670111e-15
3.140000000000e+03,3.536762813931e-15
3.160000000000e+03,3.297836892499e-15
3.180000000000e+03,3.715008313998e-15
3.200000000000e+03,3.476941081018e-15
3.220000000000e+03,3.887106545018e-15
3.240000000000e+03,3.648780299546e-15
3.260000000000e+03,3.624893784249e-15
3.280000000000e+03,3.392142698638e-15
3.300000000000e+03,3.158565635854e-15
3.320000000000e+03,3.346417793331e-15
3.340000000000e+03,3.530232027615e-15
3.360000000000e+03,3.509346873781e-15
3.380000000000e+03,3.692665836069e-15
3.400000000000e+03,3.059130726444e-15
3.420000000000e+03,3.046124568743e-15
3.440000000000e+03,3.231733552175e-15
3.460000000000e+03,3.213252810448e-15
3.480000000000e+03,3.392664911049e-15
3.500000000000e+03,2.978563229453e-15
3.520000000000e+03,2.959038881613e-15
3.540000000000e+03,3.138623319541e-15
3.560000000000e+03,3.119566257403e-15
3.580000000000e+03,2.907069549699e-15
3.600000000000e+03,3.085424450257e-15
3.620000000000e+03,2.685680182245e-15
3.640000000000e+03,2.481367596653e-15
3.660000000000e+03,3.037731945871e-15
3.680000000000e+03,3.400707311956e-15
3.700000000000e+03,3.571605009970e-15
3.720000000000e+03,3.554638052924e-15
3.740000000000e+03,3.351638814197e-15
3.760000000000e+03,2.965584468150e-15
3.780000000000e+03,3.316595423836e-15
3.800000000000e+03,3.848135314404e-15
3.820000000000e+03,3.283805514038e-15
3.840000000000e+03,3.085864226338e-15
3.860000000000e+03,3.431973760904e-15
3.880000000000e+03,3.415666437465e-15
3.900000000000e+03,3.575323401378e-15
3.920000000000e+03,3.374373213280e-15
3.940000000000e+03,2.828258376780e-15
3.960000000000e+03,3.165998073002e-15
3.980000000000e+03,3.498073157824e-15
4.000000000000e+03,3.823048120981e-15
4.020000000000e+03,3.632495850775e-15
4.040000000000e+03,3.099405516901e-15
4.060000000000e+03,3.083381953373e-15
4.080000000000e+03,3.067756567939e-15
4.100000000000e+03,3.221652059839e-15
4.120000000000e+03,2.533252049527e-15
4.140000000000e+03,2.686369459075e-15
4.160000000000e+03,2.841141015969e-15
4.180000000000e+03,2.994016470653e-15
4.200000000000e+03,3.146802448683e-15
4.220000000000e+03,2.636649465742e-15
4.240000000000e+03,2.462621126417e-15
4.260000000000e+03,2.451337665730e-15
4.280000000000e+03,2.277467634652e-15
4.300000000000e+03,2.107960708376e-15
4.320000000000e+03,2.097758418892e-15
4.340000000000e+03,2.250394981622e-15
4.360000000000e+03,2.722618373681e-15
4.380000000000e+03,2.551867341443e-15
4.400000000000e+03,2.698863067881e-15
4.420000000000e+03,3.005106126324e-15
4.440000000000e+03,2.676801801598e-15
4.460000000000e+03,2.979827892382e-15
4.480000000000e+03,3.124509057995e-15
4.500000000000e+03,2.643697431578e-15
4.520000000000e+03,2.322651776978e-15
4.540000000000e+03,2.466731545123e-15
4.560000000000e+03,2.457118279772e-15
4.580000000000e+03,2.446994497777e-15
4.600000000000e+03,2.589910907546e-15
4.620000000000e+03,2.578432844999e-15
4.640000000000e+03,2.418447918476e-15
4.660000000000e+03,2.559156287880e-15
4.680000000000e+03,2.098432237287e-15
4.700000000000e+03,2.090618514668e-15
4.720000000000e+03,2.380205700003e-15
4.740000000000e+03,2.073978882945e-15
4.760000000000e+03,1.623325758120e-15
4.780000000000e+03,1.468964794009e-15
4.800000000000e+03,1.317010583937e-15
4.820000000000e+03,1.748998662640e-15
4.840000000000e+03,2.031030074687e-15
4.860000000000e+03,1.445240299500e-15
4.880000000000e+03,1.438991397264e-15
4.900000000000e+03,1.576888225211e-15
4.920000000000e+03,1.571255689234e-15
4.940000000000e+03,1.137762870541e-15
4.960000000000e+03,9.906911084139e-16
4.980000000000e+03,5.637480138427e-16
5.000000000000e+03,7.015866791547e-16
5.020000000000e+03,6.988666394536e-16
5.040000000000e+03,9.747724480507e-16
5.060000000000e+03,8.321864904375e-16
5.080000000000e+03,8.294226592527e-16
5.100000000000e+03,8.260076712996e-16
5.120000000000e+03,9.593387155335e-16
5.140000000000e+03,8.192903413574e-16
5.160000000000e+03,5.439324313866e-16
5.180000000000e+03,8.126547693580e-16
5.200000000000e+03,9.448240498283e-16
5.220000000000e+03,1.208973138444e-15
5.240000000000e+03,1.203879344358e-15
5.260000000000e+03,1.199603537488e-15
5.280000000000e+03,1.061194396921e-15
5.300000000000e+03,9.248550214715e-16
5.320000000000e+03,7.904057711820e-16
5.340000000000e+03,7.884587302187e-16
5.360000000000e+03,5.234279185692e-16
5.380000000000e+03,5.213913364461e-16
5.400000000000e+03,6.487009358005e-16
5.420000000000e+03,3.877020286009e-16
5.440000000000e+03,3.863452522635e-16
5.460000000000e+03,7.694453215737e-16
5.480000000000e+03,7.661848909833e-16
5.500000000000e+03,6.358976549240e-16
5.520000000000e+03,6.335440036018e-16
5.540000000000e+03,6.309881441429e-16
5.560000000000e+03,5.027659313936e-16
5.580000000000e+03,6.259276426298e-16
5.600000000000e+03,3.744412704020e-16
5.620000000000e+03,1.244129956569e-16
5.640000000000e+03,1.240603089364e-16
5.660000000000e+03,1.236431611059e-16
5.680000000000e+03,2.462941143949e-16
5.700000000000e+03,3.682768585634e-16
5.720000000000e+03,4.896029139064e-16
5.740000000000e+03,3.659835645160e-16
5.760000000000e+03,1.215930794226e-16
5.780000000000e+03,0.000000000000e+00
5.800000000000e+03,2.414588774642e-16
5.820000000000e+03,3.612604137025e-16
5.840000000000e+03,1.200319637329e-16
5.860000000000e+03,2.391282894556e-16
5.880000000000e+03,2.384387103035e-16
5.900000000000e+03,3.561401256275e-16
5.920000000000e+03,3.548072640136e-16
5.940000000000e+03,3.533659222011e-16
5.960000000000e+03,2.347608463163e-16
5.980000000000e+03,2.338198295404e-16
6.000000000000e+03,2.332475452600e-16
6.020000000000e+03,2.325663342944e-16
6.040000000000e+03,2.316722824515e-16
6.060000000000e+03,2.309319166854e-16
6.080000000000e+03,2.300103866104e-16
6.100000000000e+03,2.292030922974e-16
6.120000000000e+03,2.285098848740e-16
6.140000000000e+03,1.138357908128e-16
6.160000000000e+03,1.134683139609e-16
6.180000000000e+03,1.130921281174e-16
6.200000000000e+03,1.127030094328e-16
6.220000000000e+03,1.123506929051e-16
6.240000000000e+03,2.238387786288e-16
6.260000000000e+03,2.229470566016e-16
6.280000000000e+03,2.222556673967e-16
6.300000000000e+03,0.000000000000e+00
6.320000000000e+03,2.209711903670e-16
6.340000000000e+03,2.202471549165e-16
6.360000000000e+03,6.586693485415e-16
6.380000000000e+03,8.757436608010e-16
6.400000000000e+03,1.091115518815e-15
6.420000000000e+03,1.522473407545e-15
6.440000000000e+03,1.734412970136e-15
6.460000000000e+03,2.161958354296e-15
6.480000000000e+03,2.156821624713e-15
6.500000000000e+03,2.366495921199e-15
6.520000000000e+03,2.573341084265e-15
6.540000000000e+03,1.923127253970e-15
6.560000000000e+03,2.131468897833e-15
6.580000000000e+03,2.123372647519e-15
6.600000000000e+03,2.752421184082e-15
6.620000000000e+03,2.743890916255e-15
6.640000000000e+03,2.314803872221e-15
6.660000000000e+03,2.516734991131e-15
6.680000000000e+03,2.509028905649e-15
6.700000000000e+03,2.084749922873e-15
6.720000000000e+03,1.870031725609e-15
6.740000000000e+03,2.069922779284e-15
6.760000000000e+03,1.651879507266e-15
6.780000000000e+03,1.235748402271e-15
6.800000000000e+03,8.218469526233e-16
6.820000000000e+03,1.024342145999e-15
6.840000000000e+03,8.166079854787e-16
6.860000000000e+03,6.106422147488e-16
6.880000000000e+03,8.118611925650e-16
6.900000000000e+03,8.092572773524e-16
6.920000000000e+03,1.008402310264e-15
6.940000000000e+03,8.042735084621e-16
6.960000000000e+03,1.002622057930e-15
6.980000000000e+03,7.998085522896e-16
7.000000000000e+03,7.977476174577e-16
7.020000000000e+03,5.965538756684e-16
7.040000000000e+03,3.964647884079e-16
7.060000000000e+03,3.954483684721e-16
7.080000000000e+03,7.887985209825e-16
7.100000000000e+03,3.932589461597e-16
7.120000000000e+03,5.883633022304e-16
7.140000000000e+03,1.956247697187e-16
7.160000000000e+03,1.951181680513e-16
7.180000000000e+03,0.000000000000e+00
7.200000000000e+03,1.940720857216e-16
7.220000000000e+03,0.000000000000e+00
7.240000000000e+03,1.930133052206e-16
7.260000000000e+03,1.925168895266e-16
7.280000000000e+03,3.841998054626e-16
7.300000000000e+03,0.000000000000e+00
7.320000000000e+03,0.000000000000e+00
7.340000000000e+03,1.905067340901e-16
7.360000000000e+03,1.900810810199e-16
7.380000000000e+03,5.686770949366e-16
7.400000000000e+03,5.669736829471e-16
7.420000000000e+03,5.659859525152e-16
7.440000000000e+03,9.409520295632e-16
7.460000000000e+03,9.378704086989e-16
7.480000000000e+03,1.122464188997e-15
7.500000000000e+03,9.328898700786e-16
7.520000000000e+03,7.440955736851e-16
7.540000000000e+03,5.566443897483e-16
7.560000000000e+03,7.398401956593e-16
7.580000000000e+03,1.106530946686e-15
7.600000000000e+03,9.198777775176e-16
7.620000000000e+03,1.467627265647e-15
7.640000000000e+03,2.377747516305e-15
7.660000000000e+03,2.188338920863e-15
7.680000000000e+03,2.182301785643e-15
7.700000000000e+03,2.357588251419e-15
7.720000000000e+03,2.350385160750e-15
7.740000000000e+03,2.343618020858e-15
7.760000000000e+03,2.157879881779e-15
7.780000000000e+03,1.793869458980e-15
7.800000000000e+03,2.146746015771e-15
7.820000000000e+03,2.140886014506e-15
7.840000000000e+03,2.312523557139e-15
7.860000000000e+03,2.485164985214e-15
7.880000000000e+03,1.592511599998e-15
7.900000000000e+03,1.413026581540e-15
7.920000000000e+03,1.586515199323e-15
7.940000000000e+03,1.583768219269e-15
7.960000000000e+03,1.755907203667e-15
7.980000000000e+03,1.927024583407e-15
8.000000000000e+03,2.272817868247e-15
8.020000000000e+03,2.267558616218e-15
8.040000000000e+03,2.089051352447e-15
8.060000000000e+03,2.257489254618e-15
8.080000000000e+03,2.252402376521e-15
8.100000000000e+03,2.247288124522e-15
8.120000000000e+03,2.585626718318e-15
8.140000000000e+03,3.094685314331e-15
8.160000000000e+03,2.914490022909e-15
8.180000000000e+03,2.564120970171e-15
8.200000000000e+03,2.728594831982e-15
8.220000000000e+03,3.233000443425e-15
8.240000000000e+03,2.715647493245e-15
8.260000000000e+03,2.539994486941e-15
8.280000000000e+03,2.195041971200e-15
8.300000000000e+03,1.853378198649e-15
8.320000000000e+03,1.679925353468e-15
8.340000000000e+03,1.675823185043e-15
8.360000000000e+03,1.337292899925e-15
8.380000000000e+03,1.334093449357e-15
8.400000000000e+03,1.164368529189e-15
8.420000000000e+03,1.825922569377e-15
8.440000000000e+03,1.821146568474e-15
8.460000000000e+03,1.816839524046e-15
8.480000000000e+03,1.812164063310e-15
8.500000000000e+03,2.465154228304e-15
8.520000000000e+03,2.622968675798e-15
8.540000000000e+03,2.290208784733e-15
8.560000000000e+03,2.285305532897e-15
8.580000000000e+03,2.280241926511e-15
8.600000000000e+03,2.274657402029e-15
8.620000000000e+03,2.429932082128e-15
8.640000000000e+03,2.100146523264e-15
8.660000000000e+03,2.417727398479e-15
8.680000000000e+03,2.573507770905e-15
8.700000000000e+03,2.567635273768e-15
8.720000000000e+03,2.562446646267e-15
8.740000000000e+03,2.875495481814e-15
8.760000000000e+03,3.187933371211e-15
8.780000000000e+03,3.180148911147e-15
8.800000000000e+03,3.331631776870e-15
8.820000000000e+03,3.481476282226e-15
8.840000000000e+03,3.316057932330e-15
8.860000000000e+03,3.780225122330e-15
8.880000000000e+03,3.928162328140e-15
8.900000000000e+03,3.760906198599e-15
8.920000000000e+03,4.064827274456e-15
8.940000000000e+03,3.898725321124e-15
8.960000000000e+03,3.734217905379e-15
8.980000000000e+03,3.726044209354e-15
9.000000000000e+03,3.717239837399e-15
9.020000000000e+03,3.708024197482e-15
9.040000000000e+03,3.698853521738e-15
9.060000000000e+03,3.691632412947e-15
9.080000000000e+03,3.683461819049e-15
9.100000000000e+03,3.675150992813e-15
9.120000000000e+03,3.514475722261e-15
9.140000000000e+03,3.659235861541e-15
9.160000000000e+03,3.650673525260e-15
9.180000000000e+03,3.640929598126e-15
9.200000000000e+03,3.632641731847e-15
9.220000000000e+03,3.625148631032e-15
9.240000000000e+03,3.467228099521e-15
9.260000000000e+03,3.459365918367e-15
9.280000000000e+03,3.451711352122e-15
9.300000000000e+03,3.443034280576e-15
9.320000000000e+03,3.435228875069e-15
9.340000000000e+03,3.426914917617e-15
9.360000000000e+03,3.419919972199e-15
9.380000000000e+03,3.413734591181e-15
9.400000000000e+03,3.407366149085e-15
9.420000000000e+03,3.546868489554e-15
9.440000000000e+03,3.392304046291e-15
9.460000000000e+03,3.386097309710e-15
9.480000000000e+03,3.525088753116e-15
9.500000000000e+03,3.516884016102e-15
9.520000000000e+03,3.509019087068e-15
9.540000000000e+03,3.501160054504e-15
9.560000000000e+03,3.493077037085e-15
9.580000000000e+03,3.485434517466e-15
9.600000000000e+03,3.478250065197e-15
9.620000000000e+03,3.470454385316e-15
9.640000000000e+03,3.463919611427e-15
9.660000000000e+03,3.601518482630e-15
9.680000000000e+03,3.593085544169e-15
9.700000000000e+03,3.585743512444e-15
9.720000000000e+03,3.578141363277e-15
9.740000000000e+03,3.429240831107e-15
9.760000000000e+03,3.423173937768e-15
9.780000000000e+03,3.415976991030e-15
9.800000000000e+03,3.408876030196e-15
9.820000000000e+03,3.400587885980e-15
9.840000000000e+03,3.392639359586e-15
9.860000000000e+03,3.385823243133e-15
9.880000000000e+03,3.377872798171e-15
9.900000000000e+03,3.371136206819e-15
9.920000000000e+03,3.365047293437e-15
9.940000000000e+03,3.358652853228e-15
9.960000000000e+03,3.350910251637e-15
9.980000000000e+03,3.344293715569e-15
1.000000000000e+04,3.337927221993e-15
1.002000000000e+04,3.331125083365e-15
1.004000000000e+04,3.324467573625e-15
1.006000000000e+04,3.456623282591e-15
1.008000000000e+04,3.448897335544e-15
1.010000000000e+04,3.442969092899e-15
1.012000000000e+04,3.435698182846e-15
1.014000000000e+04,3.428099186706e-15
1.016000000000e+04,3.284239257386e-15
1.018000000000e+04,3.278333995402e-15
1.020000000000e+04,3.407738514616e-15
1.022000000000e+04,3.401449338037e-15
1.024000000000e+04,3.394511399892e-15
1.026000000000e+04,3.387943493608e-15
1.028000000000e+04,3.380656686214e-15
1.030000000000e+04,3.373416779246e-15
1.032000000000e+04,3.232668711702e-15
1.034000000000e+04,3.359587701386e-15
1.036000000000e+04,3.353424224666e-15
1.038000000000e+04,3.346938566837e-15
1.040000000000e+04,3.207936855632e-15
1.042000000000e+04,3.201638914890e-15
1.044000000000e+04,3.195678697226e-15
1.046000000000e+04,3.322618102710e-15
1.048000000000e+04,3.316970417942e-15
1.050000000000e+04,3.311551724053e-15
1.052000000000e+04,3.304881237081e-15
1.054000000000e+04,3.300208829210e-15
1.056000000000e+04,3.294159445981e-15
1.058000000000e+04,3.288069968035e-15
1.060000000000e+04,3.281794726943e-15
1.062000000000e+04,3.277243059762e-15
1.064000000000e+04,3.270845439571e-15
1.066000000000e+04,3.265867083485e-15
1.068000000000e+04,3.259914856183e-15
1.070000000000e+04,3.252561450895e-15
1.072000000000e+04,3.245865313937e-15
1.074000000000e+04,3.240068863885e-15
1.076000000000e+04,3.233493322875e-15
1.078000000000e+04,3.356288022813e-15
1.080000000000e+04,3.350292786400e-15
1.082000000000e+04,3.344414066223e-15
1.084000000000e+04,3.208841673082e-15
1.086000000000e+04,3.202222015882e-15
1.088000000000e+04,3.323659609812e-15
1.090000000000e+04,3.317177104624e-15
1.092000000000e+04,3.311006050359e-15
1.094000000000e+04,3.304954148001e-15
1.096000000000e+04,3.298213591504e-15
1.098000000000e+04,3.291905689563e-15
1.100000000000e+04,3.159570036021e-15
1.102000000000e+04,3.279764331812e-15
1.104000000000e+04,3.275090615428e-15
1.106000000000e+04,3.144715386524e-15
1.108000000000e+04,3.139739962564e-15
1.110000000000e+04,3.259677346080e-15
1.112000000000e+04,3.252262116094e-15
1.114000000000e+04,3.246678923804e-15
1.116000000000e+04,3.241012949643e-15
1.118000000000e+04,3.235595443123e-15
1.120000000000e+04,3.228528579050e-15
1.122000000000e+04,3.223747190297e-15
1.124000000000e+04,3.217023383227e-15
1.126000000000e+04,3.210585936909e-15
1.128000000000e+04,3.205290892223e-15
1.130000000000e+04,3.200105396870e-15
1.132000000000e+04,3.194695878021e-15
1.134000000000e+04,3.187974963714e-15
1.136000000000e+04,3.181700428976e-15
1.138000000000e+04,3.176115797759e-15
1.140000000000e+04,3.170382895886e-15
1.142000000000e+04,3.165852722479e-15
1.144000000000e+04,3.160562424284e-15
1.146000000000e+04,3.155401097056e-15
1.148000000000e+04,3.150858391376e-15
1.150000000000e+04,3.145812525948e-15
1.152000000000e+04,3.140449652735e-15
1.154000000000e+04,3.134431372674e-15
1.156000000000e+04,3.129822101096e-15
1.158000000000e+04,3.124198603325e-15
1.160000000000e+04,3.118852040170e-15
1.162000000000e+04,3.114567183405e-15
1.164000000000e+04,3.110283215898e-15
1.166000000000e+04,3.105737847443e-15
1.168000000000e+04,3.100630941747e-15
1.170000000000e+04,3.213997629949e-15
1.172000000000e+04,3.089711419741e-15
1.174000000000e+04,3.204054289678e-15
1.176000000000e+04,3.198645161490e-15
1.178000000000e+04,3.192256429850e-15
1.180000000000e+04,3.186103824502e-15
1.182000000000e+04,3.181347385632e-15
1.184000000000e+04,3.057141625983e-15
1.186000000000e+04,3.050743096005e-15
1.188000000000e+04,3.045087889196e-15
1.190000000000e+04,3.039796557181e-15
1.192000000000e+04,3.035012435927e-15
1.194000000000e+04,3.028689062381e-15
1.196000000000e+04,3.024349681361e-15
1.198000000000e+04,3.019331944009e-15
1.200000000000e+04,3.013908258555e-15
1.202000000000e+04,3.008398912397e-15
1.204000000000e+04,3.004262145728e-15
1.206000000000e+04,2.999228572385e-15
1.208000000000e+04,2.994659229760e-15
1.210000000000e+04,2.990011147390e-15
1.212000000000e+04,2.985371784503e-15
1.214000000000e+04,2.980705428009e-15
1.216000000000e+04,2.975640801690e-15
1.218000000000e+04,2.971572944687e-15
1.220000000000e+04,2.966050875202e-15
1.222000000000e+04,2.960836965607e-15
1.224000000000e+04,2.955168448723e-15
1.226000000000e+04,2.949280789023e-15
1.228000000000e+04,2.945880277227e-15
1.230000000000e+04,2.941470118053e-15
1.232000000000e+04,2.936630249818e-15
1.234000000000e+04,2.819145652819e-15
1.236000000000e+04,2.815628891389e-15
1.238000000000e+04,2.812098034126e-15
1.240000000000e+04,2.807509924128e-15
1.242000000000e+04,2.803541958659e-15
1.244000000000e+04,2.800366243420e-15
1.246000000000e+04,2.796774401164e-15
1.248000000000e+04,2.792862747037e-15
1.250000000000e+04,2.787844701966e-15
1.252000000000e+04,2.783641089690e-15
1.254000000000e+04,2.779347536518e-15
1.256000000000e+04,2.663636916471e-15
1.258000000000e+04,3.102577658005e-15
1.260000000000e+04,2.654469787970e-15
1.262000000000e+04,2.650874570561e-15
1.264000000000e+04,2.867379943829e-15
1.266000000000e+04,2.422124898612e-15
1.268000000000e+04,1.978458499882e-15
1.270000000000e+04,1.974866714507e-15
1.272000000000e+04,2.410195605180e-15
1.274000000000e+04,3.062518426071e-15
1.276000000000e+04,3.495912370841e-15
1.278000000000e+04,3.053545285926e-15
1.280000000000e+04,2.395125063045e-15
1.282000000000e+04,2.174532990133e-15
1.284000000000e+04,2.822843090320e-15
1.286000000000e+04,3.034839283460e-15
1.288000000000e+04,3.029371151380e-15
1.290000000000e+04,2.808563453982e-15
1.292000000000e+04,3.020911507133e-15
1.294000000000e+04,2.585687912017e-15
1.296000000000e+04,2.365759325409e-15
1.298000000000e+04,2.362036414579e-15
1.300000000000e+04,2.144277302457e-15
1.302000000000e+04,1.498442011278e-15
1.304000000000e+04,1.068528971533e-15
1.306000000000e+04,1.066560456056e-15
1.308000000000e+04,6.389905193688e-16
1.310000000000e+04,6.379344916126e-16
1.312000000000e+04,2.122844248284e-16
1.314000000000e+04,4.239677857377e-16
1.316000000000e+04,4.232574547320e-16
1.318000000000e+04,2.113091481082e-16
1.320000000000e+04,6.327071759517e-16
1.322000000000e+04,2.105929988976e-16
1.324000000000e+04,4.206196354915e-16
1.326000000000e+04,8.400407175274e-16
1.328000000000e+04,6.288656244591e-16
1.330000000000e+04,4.187300436042e-16
1.332000000000e+04,4.179975019710e-16
1.334000000000e+04,2.087271018794e-16
1.336000000000e+04,2.083981781339e-16
1.338000000000e+04,2.080484995842e-16
1.340000000000e+04,0.000000000000e+00
1.342000000000e+04,6.221727132166e-16
1.344000000000e+04,4.141998825242e-16
1.346000000000e+04,8.272889345105e-16
1.348000000000e+04,6.197267291127e-16
1.350000000000e+04,2.063779412978e-16
1.352000000000e+04,2.060981520061e-16
1.354000000000e+04,2.058271415515e-16
1.356000000000e+04,4.109622175010e-16
1.358000000000e+04,4.104563866120e-16
1.360000000000e+04,8.197907226560e-16
1.362000000000e+04,8.183458442061e-16
1.364000000000e+04,8.173160248728e-16
1.366000000000e+04,6.120754435696e-16
1.368000000000e+04,6.111049006852e-16
1.370000000000e+04,1.017442056908e-15
1.372000000000e+04,1.422445472015e-15
1.374000000000e+04,1.217493363565e-15
1.376000000000e+04,8.106932941216e-16
1.378000000000e+04,4.046811344632e-16
1.380000000000e+04,2.020890150015e-16
1.382000000000e+04,1.009170736420e-15
1.384000000000e+04,1.410648268621e-15
1.386000000000e+04,1.005838734781e-15
1.388000000000e+04,1.004467949537e-15
1.390000000000e+04,1.404244806839e-15
1.392000000000e+04,8.012640552891e-16
1.394000000000e+04,8.000273846657e-16
1.396000000000e+04,7.988271543848e-16
1.398000000000e+04,7.975460374518e-16
1.400000000000e+04,1.991170944089e-16
1.402000000000e+04,5.965105598913e-16
1.404000000000e+04,7.940966703786e-16
1.406000000000e+04,1.585867527006e-15
1.408000000000e+04,1.385521692829e-15
1.410000000000e+04,9.881543607702e-16
1.412000000000e+04,1.578582738261e-15
1.414000000000e+04,1.576595717305e-15
1.416000000000e+04,1.377878204498e-15
1.418000000000e+04,1.179214258164e-15
1.420000000000e+04,1.373990032735e-15
1.422000000000e+04,1.176118893601e-15
1.424000000000e+04,1.369977356412e-15
1.426000000000e+04,1.563616523874e-15
1.428000000000e+04,1.170959108934e-15
1.430000000000e+04,1.169097663614e-15
1.432000000000e+04,1.168063652464e-15
1.434000000000e+04,1.165938961416e-15
1.436000000000e+04,1.552254265678e-15
1.438000000000e+04,2.131499600191e-15
1.440000000000e+04,1.354367522589e-15
1.442000000000e+04,1.545884697317e-15
1.444000000000e+04,1.543723499032e-15
1.446000000000e+04,1.541779696119e-15
1.448000000000e+04,1.732372134232e-15
1.450000000000e+04,1.922808215786e-15
1.452000000000e+04,1.727937986730e-15
1.454000000000e+04,1.916874219992e-15
1.456000000000e+04,1.530877746777e-15
1.458000000000e+04,2.101908391660e-15
1.460000000000e+04,2.099268239505e-15
1.462000000000e+04,2.096439239385e-15
1.464000000000e+04,2.474152507154e-15
1.466000000000e+04,2.660559377843e-15
1.468000000000e+04,2.657150826989e-15
1.470000000000e+04,2.844167210116e-15
1.472000000000e+04,3.029867154407e-15
1.474000000000e+04,2.269111505126e-15
1.476000000000e+04,2.265473094858e-15
1.478000000000e+04,2.074003817365e-15
1.480000000000e+04,2.070901599966e-15
1.482000000000e+04,1.692205256457e-15
1.484000000000e+04,1.877450552567e-15
1.486000000000e+04,2.250068967103e-15
1.488000000000e+04,2.058862019090e-15
1.490000000000e+04,1.681949333346e-15
1.492000000000e+04,1.866277332068e-15
1.494000000000e+04,2.236189764973e-15
1.496000000000e+04,2.047357349725e-15
1.498000000000e+04,2.416350202085e-15
1.500000000000e+04,2.227374903098e-15
1.502000000000e+04,2.039356634471e-15
1.504000000000e+04,2.036220321962e-15
1.506000000000e+04,2.033133757487e-15
1.508000000000e+04,1.845778490588e-15
1.510000000000e+04,1.659179668580e-15
1.512000000000e+04,1.841316601006e-15
1.514000000000e+04,2.389502873826e-15
1.516000000000e+04,2.386222840325e-15
1.518000000000e+04,2.566711662795e-15
1.520000000000e+04,2.197389469473e-15
1.522000000000e+04,1.827838199513e-15
1.524000000000e+04,1.825541531166e-15
1.526000000000e+04,1.823097808266e-15
1.528000000000e+04,1.820634506169e-15
1.530000000000e+04,1.999524169085e-15
1.532000000000e+04,1.815890857500e-15
1.534000000000e+04,1.995209700797e-15
1.536000000000e+04,1.992772884320e-15
1.538000000000e+04,1.990190193911e-15
1.540000000000e+04,1.987620369552e-15
1.542000000000e+04,1.985085616236e-15
1.544000000000e+04,1.982753455811e-15
1.546000000000e+04,1.980593596065e-15
1.548000000000e+04,1.977460367955e-15
1.550000000000e+04,1.975295965814e-15
1.552000000000e+04,1.973312239013e-15
1.554000000000e+04,1.970752698850e-15
1.556000000000e+04,1.967939059811e-15
1.558000000000e+04,1.787456336372e-15
1.560000000000e+04,1.784821200920e-15
1.562000000000e+04,1.782633244434e-15
1.564000000000e+04,1.780540062607e-15
1.566000000000e+04,1.955817368036e-15
1.568000000000e+04,1.775511945399e-15
1.570000000000e+04,1.772887772158e-15
1.572000000000e+04,1.948014930737e-15
1.574000000000e+04,2.122867334843e-15
1.576000000000e+04,1.943554053274e-15
1.578000000000e+04,1.941342494130e-15
1.580000000000e+04,2.115647925130e-15
1.582000000000e+04,2.112508840392e-15
1.584000000000e+04,2.109697390057e-15
1.586000000000e+04,2.107167408419e-15
1.588000000000e+04,2.104153845823e-15
1.590000000000e+04,2.101516914584e-15
1.592000000000e+04,2.098393349141e-15
1.594000000000e+04,2.095258531519e-15
1.596000000000e+04,2.092572619626e-15
1.598000000000e+04,2.090062057571e-15
1.600000000000e+04,2.087358463162e-15
1.602000000000e+04,2.084625338642e-15
1.604000000000e+04,2.081750449976e-15
1.606000000000e+04,2.079406751336e-15
1.608000000000e+04,2.077042331493e-15
1.610000000000e+04,2.074428775222e-15
1.612000000000e+04,2.071656318700e-15
1.614000000000e+04,2.068674616505e-15
1.616000000000e+04,2.066200459880e-15
1.618000000000e+04,2.063357861383e-15
1.620000000000e+04,2.060221149644e-15
1.622000000000e+04,2.058158305405e-15
1.624000000000e+04,2.055514750528e-15
1.626000000000e+04,2.052534656205e-15
1.628000000000e+04,2.050263991652e-15
1.630000000000e+04,2.047704403688e-15
1.632000000000e+04,2.044977953697e-15
1.634000000000e+04,2.042144489788e-15
1.636000000000e+04,2.040076883573e-15
1.638000000000e+04,2.207602521982e-15
1.640000000000e+04,2.034474264047e-15
1.642000000000e+04,2.031739318413e-15
1.644000000000e+04,2.029144220186e-15
1.646000000000e+04,2.026150499492e-15
1.648000000000e+04,2.192557782008e-15
1.650000000000e+04,2.189838912652e-15
1.652000000000e+04,2.355429503232e-15
1.654000000000e+04,2.184372972173e-15
1.656000000000e+04,2.181392889690e-15
1.658000000000e+04,2.346276339050e-15
1.660000000000e+04,2.176650095748e-15
1.662000000000e+04,2.173451117455e-15
1.664000000000e+04,2.170783405400e-15
1.666000000000e+04,2.167956328200e-15
1.668000000000e+04,2.165520477139e-15
1.670000000000e+04,2.329769822299e-15
1.672000000000e+04,2.327755359615e-15
1.674000000000e+04,2.159548506730e-15
1.676000000000e+04,2.322708560448e-15
1.678000000000e+04,2.153781149515e-15
1.680000000000e+04,2.152085081633e-15
1.682000000000e+04,2.149155813529e-15
1.684000000000e+04,2.146881224599e-15
1.686000000000e+04,2.144098333525e-15
1.688000000000e+04,2.142347484356e-15
1.690000000000e+04,2.139982793992e-15
1.692000000000e+04,2.137535972871e-15
1.694000000000e+04,2.134871854362e-15
1.696000000000e+04,2.132321539574e-15
1.698000000000e+04,2.130327771990e-15
1.700000000000e+04,2.128545907307e-15
1.702000000000e+04,2.126445353036e-15
1.704000000000e+04,2.123916807751e-15
1.706000000000e+04,2.121333015773e-15
1.708000000000e+04,2.118824033358e-15
1.710000000000e+04,2.115954482301e-15
1.712000000000e+04,2.114091071263e-15
1.714000000000e+04,2.112299091516e-15
1.716000000000e+04,2.110403084336e-15
1.718000000000e+04,2.108170280307e-15
1.720000000000e+04,2.105453324707e-15
1.722000000000e+04,2.102975582835e-15
1.724000000000e+04,2.100254384247e-15
1.726000000000e+04,2.098234121234e-15
1.728000000000e+04,2.095530657395e-15
1.730000000000e+04,2.093109005556e-15
1.732000000000e+04,2.251344990409e-15
1.734000000000e+04,2.249054399155e-15
1.736000000000e+04,2.246492435681e-15
1.738000000000e+04,2.243801492265e-15
1.740000000000e+04,2.240740210273e-15
1.742000000000e+04,2.238432278917e-15
1.744000000000e+04,2.236245302495e-15
1.746000000000e+04,2.233844047325e-15
1.748000000000e+04,2.231834519238e-15
1.750000000000e+04,2.229115689929e-15
1.752000000000e+04,2.226128908010e-15
1.754000000000e+04,2.223876158565e-15
1.756000000000e+04,2.221445312814e-15
1.758000000000e+04,2.219174834115e-15
1.760000000000e+04,2.216814254019e-15
1.762000000000e+04,2.213775445903e-15
1.764000000000e+04,2.211432547656e-15
1.766000000000e+04,2.208867634523e-15
1.768000000000e+04,2.206501588282e-15
1.770000000000e+04,2.204145788898e-15
1.772000000000e+04,2.201686246097e-15
1.774000000000e+04,2.199184830315e-15
1.776000000000e+04,2.039962726040e-15
1.778000000000e+04,2.037293823098e-15
1.780000000000e+04,2.035423723833e-15
1.782000000000e+04,2.033032736240e-15
1.784000000000e+04,2.030861251424e-15
1.786000000000e+04,2.028762146106e-15
1.788000000000e+04,2.026770784469e-15
1.790000000000e+04,2.024582620147e-15
1.792000000000e+04,2.022538990085e-15
1.794000000000e+04,2.020281406248e-15
1.796000000000e+04,2.017821582470e-15
1.798000000000e+04,2.015686522508e-15
1.800000000000e+04,2.013245795365e-15
1.802000000000e+04,2.011231236136e-15
1.804000000000e+04,2.008679361812e-15
1.806000000000e+04,2.005983469548e-15
1.808000000000e+04,2.003305878786e-15
1.810000000000e+04,2.001288013608e-15
1.812000000000e+04,1.998976221161e-15
1.814000000000e+04,1.996837471295e-15
1.816000000000e+04,1.995072895111e-15
1.818000000000e+04,1.992763157724e-15
1.820000000000e+04,1.990798632844e-15
1.822000000000e+04,1.989058031216e-15
1.824000000000e+04,1.986607452781e-15
1.826000000000e+04,1.984103333346e-15
1.828000000000e+04,1.982914409251e-15
1.830000000000e+04,1.980944526850e-15
1.832000000000e+04,1.978870572528e-15
1.834000000000e+04,1.976733383371e-15
1.836000000000e+04,1.974744576747e-15
1.838000000000e+04,1.972970881445e-15
1.840000000000e+04,1.970251340739e-15
1.842000000000e+04,1.967534820378e-15
1.844000000000e+04,1.965064805193e-15
1.846000000000e+04,1.962865241718e-15
1.848000000000e+04,2.111474506803e-15
1.850000000000e+04,2.109335886596e-15
1.852000000000e+04,1.956077998475e-15
1.854000000000e+04,1.953953224288e-15
1.856000000000e+04,1.951791549006e-15
1.858000000000e+04,2.099869778618e-15
1.860000000000e+04,2.098071558198e-15
1.862000000000e+04,1.945903435400e-15
1.864000000000e+04,1.943391314961e-15
1.866000000000e+04,1.940830947386e-15
1.868000000000e+04,1.938682017070e-15
1.870000000000e+04,1.936384744002e-15
1.872000000000e+04,2.083251408435e-15
1.874000000000e+04,1.932498871875e-15
1.876000000000e+04,2.079027651755e-15
1.878000000000e+04,1.928378276345e-15
1.880000000000e+04,1.926202138775e-15
1.882000000000e+04,1.924195275031e-15
1.884000000000e+04,1.921496205467e-15
1.886000000000e+04,1.919678941932e-15
1.888000000000e+04,2.065628819480e-15
1.890000000000e+04,1.916065811476e-15
1.892000000000e+04,2.061145762888e-15
1.894000000000e+04,1.911844840610e-15
1.896000000000e+04,1.909862276690e-15
1.898000000000e+04,1.907699366268e-15
1.900000000000e+04,1.905943936642e-15
1.902000000000e+04,1.904537198170e-15
1.904000000000e+04,1.902592906077e-15
1.906000000000e+04,1.900945747752e-15
1.908000000000e+04,1.898591285235e-15
1.910000000000e+04,1.896562247886e-15
1.912000000000e+04,1.894462115172e-15
1.914000000000e+04,1.892497599007e-15
1.916000000000e+04,1.890472445237e-15
1.918000000000e+04,1.888603611267e-15
1.920000000000e+04,1.886113449285e-15
1.922000000000e+04,1.884188333360e-15
1.924000000000e+04,1.882028524672e-15
1.926000000000e+04,1.880045655850e-15
1.928000000000e+04,1.877765309054e-15
1.930000000000e+04,1.875885379650e-15
1.932000000000e+04,1.873981579779e-15
1.934000000000e+04,1.872067881730e-15
1.936000000000e+04,1.870313184826e-15
1.938000000000e+04,2.011967259996e-15
1.940000000000e+04,2.009485516615e-15
1.942000000000e+04,2.007175416274e-15
1.944000000000e+04,1.861837183378e-15
1.946000000000e+04,1.860139520375e-15
1.948000000000e+04,1.858051424565e-15
1.950000000000e+04,1.998763936898e-15
1.952000000000e+04,1.996927728647e-15
1.954000000000e+04,1.994839061291e-15
1.956000000000e+04,1.993009477341e-15
1.958000000000e+04,1.848356142190e-15
1.960000000000e+04,1.846644965232e-15
1.962000000000e+04,1.986105070235e-15
1.964000000000e+04,1.983929778672e-15
1.966000000000e+04,1.981995643866e-15
1.968000000000e+04,1.980040412703e-15
1.970000000000e+04,1.977737321294e-15
1.972000000000e+04,1.975511217171e-15
1.974000000000e+04,1.973283946894e-15
1.976000000000e+04,1.971413255853e-15
1.978000000000e+04,1.969323433143e-15
1.980000000000e+04,1.967951885401e-15
1.982000000000e+04,1.965904343521e-15
1.984000000000e+04,1.964004618895e-15
1.986000000000e+04,1.962254571278e-15
1.988000000000e+04,1.960064782352e-15
1.990000000000e+04,1.958203909233e-15
1.992000000000e+04,1.956048644014e-15
1.994000000000e+04,1.954290568858e-15
1.996000000000e+04,1.952652177501e-15
1.998000000000e+04,1.950782740757e-15
