l_over_rstar,F_H0.5_rstar0.100,F_H0.5_rstar0.200,F_H0.5_rstar0.400,F_H0.5_rstar0.800,F_H0.8_rstar0.100,F_H0.8_rstar0.200,F_H0.8_rstar0.400,F_H0.8_rstar0.800
2.500000000000e-01,8.179662598150e-01,6.546968599829e-01,5.415905484361e-01,4.772948499621e-01,8.943744169592e-01,7.799785329843e-01,6.888506710276e-01,6.291234064923e-01
2.973017787507e-01,7.324708642830e-01,6.085264301231e-01,4.964040502822e-01,4.392874490136e-01,8.469109541814e-01,7.537934070007e-01,6.613507048155e-01,6.055657773689e-01
3.535533905933e-01,6.683970231743e-01,5.452406029886e-01,4.492254616330e-01,4.050058813546e-01,8.130438897326e-01,7.179481239527e-01,6.332797232096e-01,5.830207051458e-01
4.204482076269e-01,6.171860092019e-01,4.880521361332e-01,4.073553414058e-01,3.693120083022e-01,7.874644542288e-01,6.839174987066e-01,6.082091065130e-01,5.615718228414e-01
5.000000000000e-01,5.417935869619e-01,4.247498518860e-01,3.625649976118e-01,3.320946400669e-01,7.478740136189e-01,6.496783808619e-01,5.843886418618e-01,5.318134027886e-01
5.946035575014e-01,4.864692953008e-01,3.731074320321e-01,3.207990093877e-01,3.026898175512e-01,7.180628850322e-01,6.214083288932e-01,5.590916462813e-01,4.947789101423e-01
7.071067811865e-01,4.106245538649e-01,3.202060430518e-01,2.836804777395e-01,2.597939672712e-01,6.757549673948e-01,5.895321271650e-01,5.306050735900e-01,4.730044564451e-01
8.408964152537e-01,3.474906885853e-01,2.719263599061e-01,2.501499727219e-01,2.257601382655e-01,6.421402722885e-01,5.628141867630e-01,5.068758362504e-01,4.579953165510e-01
1.000000000000e+00,2.803248217226e-01,2.295136374608e-01,2.162980167381e-01,1.905792988021e-01,6.037260530787e-01,5.330846866047e-01,4.746624589477e-01,4.176931624034e-01
1.189207115003e+00,2.282939792075e-01,1.970135826037e-01,1.753243372338e-01,1.589994479524e-01,5.724547875816e-01,5.056949367186e-01,4.408610506683e-01,3.885948458166e-01
1.414213562373e+00,1.793198250090e-01,1.615210760757e-01,1.466065417535e-01,1.281237991015e-01,5.454602811214e-01,4.795059497610e-01,4.319613196200e-01,3.642098471905e-01
1.681792830507e+00,1.424169393539e-01,1.267005683190e-01,1.226720272011e-01,1.140963293715e-01,5.130803931554e-01,4.460544706218e-01,4.154728277764e-01,3.079696292668e-01
2.000000000000e+00,1.078781282466e-01,9.290040155355e-02,9.858357838310e-02,1.051484773826e-01,4.806419194491e-01,4.160508413062e-01,3.660478977173e-01,2.922227266753e-01
2.378414230005e+00,8.001102528040e-02,7.206021108990e-02,6.558052459892e-02,8.903766212739e-02,4.547560354579e-01,3.966262808781e-01,3.389770377478e-01,2.653884753701e-01
2.828427124746e+00,6.157548429958e-02,5.440721479824e-02,5.928506588613e-02,4.875184584804e-02,4.233495720988e-01,3.780858835067e-01,2.954751253531e-01,2.653884753701e-01
3.363585661015e+00,4.315407829363e-02,4.223717990916e-02,5.070323058221e-02,4.875184584804e-02,3.906316894776e-01,3.439201241689e-01,2.717830546958e-01,2.136196370327e-01
4.000000000000e+00,3.470136331833e-02,3.227239813047e-02,5.070323058221e-02,0.000000000000e+00,3.758861093210e-01,2.969590968410e-01,2.539464259167e-01,2.136196370327e-01
4.756828460011e+00,1.759450997576e-02,2.729686437145e-02,3.508116636898e-02,0.000000000000e+00,3.358450091709e-01,2.729592821677e-01,2.291663851009e-01,1.153807094469e-01
5.656854249492e+00,1.277801728707e-02,2.729686437145e-02,3.508116636898e-02,0.000000000000e+00,3.125729505131e-01,2.422992872642e-01,2.291663851009e-01,0.000000000000e+00
6.727171322030e+00,1.277801728707e-02,1.839082351392e-02,0.000000000000e+00,0.000000000000e+00,2.802246087149e-01,2.149635910147e-01,2.291663851009e-01,0.000000000000e+00
8.000000000000e+00,8.007463266734e-03,1.839082351392e-02,0.000000000000e+00,0.000000000000e+00,2.293721861945e-01,1.933575802503e-01,9.228149369518e-02,0.000000000000e+00
9.513656920022e+00,8.007463266734e-03,0.000000000000e+00,0.000000000000e+00,0.000000000000e+00,2.034908087987e-01,1.933575802503e-01,0.000000000000e+00,0.000000000000e+00
1.131370849898e+01,0.000000000000e+00,0.000000000000e+00,0.000000000000e+00,0.000000000000e+00,1.929093227939e-01,1.933575802503e-01,0.000000000000e+00,0.000000000000e+00
1.345434264406e+01,0.000000000000e+00,0.000000000000e+00,0.000000000000e+00,0.000000000000e+00,1.752930413660e-01,8.313449316994e-02,0.000000000000e+00,0.000000000000e+00
1.600000000000e+01,0.000000000000e+00,0.000000000000e+00,0.000000000000e+00,0.000000000000e+00,1.315294934136e-01,0.000000000000e+00,0.000000000000e+00,0.000000000000e+00
