threshold,density
1.250000000000e-03,9.926709119308e-01
3.750000000000e-03,9.901077335897e-01
6.250000000000e-03,9.935520044856e-01
8.750000000000e-03,9.977972686131e-01
1.125000000000e-02,9.843405823221e-01
1.375000000000e-02,9.964355801193e-01
1.625000000000e-02,1.008610677240e+00
1.875000000000e-02,1.010693259642e+00
2.125000000000e-02,1.006768392807e+00
2.375000000000e-02,9.972365733510e-01
2.625000000000e-02,1.022948456086e+00
2.875000000000e-02,1.012295246105e+00
3.125000000000e-02,1.023268853378e+00
3.375000000000e-02,9.768112459450e-01
3.625000000000e-02,9.911490247907e-01
3.875000000000e-02,9.994793543995e-01
4.125000000000e-02,9.942728983940e-01
4.375000000000e-02,9.929913092234e-01
4.625000000000e-02,9.981977652289e-01
4.875000000000e-02,9.880251511875e-01
5.125000000000e-02,9.897873362970e-01
5.375000000000e-02,1.003964916496e+00
5.625000000000e-02,1.001722135448e+00
5.875000000000e-02,9.919500180223e-01
6.125000000000e-02,1.006768392807e+00
6.375000000000e-02,9.964355801193e-01
6.625000000000e-02,9.861828667548e-01
6.875000000000e-02,9.896271376507e-01
7.125000000000e-02,1.015499219032e+00
7.375000000000e-02,9.818575033041e-01
7.625000000000e-02,9.828987945052e-01
7.875000000000e-02,9.824982978894e-01
8.125000000000e-02,1.004445512435e+00
8.375000000000e-02,1.010853458288e+00
8.625000000000e-02,1.002282830710e+00
8.875000000000e-02,9.968360767352e-01
9.125000000000e-02,9.995594537226e-01
9.375000000000e-02,1.000520645601e+00
9.625000000000e-02,1.009011173856e+00
9.875000000000e-02,1.007409187392e+00
1.012500000000e-01,9.815371060115e-01
1.037500000000e-01,1.002923625295e+00
1.062500000000e-01,1.008690776563e+00
1.087500000000e-01,1.009651968441e+00
1.112500000000e-01,9.960350835035e-01
1.137500000000e-01,1.000120148985e+00
1.162500000000e-01,9.938724017782e-01
1.187500000000e-01,9.765709479755e-01
1.212500000000e-01,9.998798510153e-01
1.237500000000e-01,1.009892266410e+00
1.262500000000e-01,9.875445552485e-01
1.287500000000e-01,1.010212663703e+00
1.312500000000e-01,9.957146862109e-01
1.337500000000e-01,1.005326604990e+00
1.362500000000e-01,1.001161440186e+00
1.387500000000e-01,1.006768392807e+00
1.412500000000e-01,1.001401738155e+00
1.437500000000e-01,1.006848492130e+00
1.462500000000e-01,9.998798510153e-01
1.487500000000e-01,1.005166406344e+00
1.512500000000e-01,9.913893227602e-01
1.537500000000e-01,1.020225079098e+00
1.562500000000e-01,1.006928591453e+00
1.587500000000e-01,9.917097200529e-01
1.612500000000e-01,1.008049981978e+00
1.637500000000e-01,1.003884817173e+00
1.662500000000e-01,9.791341263166e-01
1.687500000000e-01,1.012295246105e+00
1.712500000000e-01,9.989987584605e-01
1.737500000000e-01,1.012695742721e+00
1.762500000000e-01,1.016380311586e+00
1.787500000000e-01,1.008049981978e+00
1.812500000000e-01,1.004846009051e+00
1.837500000000e-01,1.004125115143e+00
1.862500000000e-01,9.957947855341e-01
1.887500000000e-01,1.017421602787e+00
1.912500000000e-01,9.901878329128e-01
1.937500000000e-01,1.001161440186e+00
1.962500000000e-01,1.001081340863e+00
1.987500000000e-01,9.967559774120e-01
2.012500000000e-01,1.006127598222e+00
2.037500000000e-01,1.011253954904e+00
2.062500000000e-01,1.004045015820e+00
2.087500000000e-01,1.014297729184e+00
2.112500000000e-01,9.911490247907e-01
2.137500000000e-01,9.956345868877e-01
2.162500000000e-01,9.981977652289e-01
2.187500000000e-01,9.987584604910e-01
2.212500000000e-01,1.008130081301e+00
2.237500000000e-01,9.944330970403e-01
2.262500000000e-01,1.001401738155e+00
2.287500000000e-01,1.026873322920e+00
2.312500000000e-01,9.917097200529e-01
2.337500000000e-01,1.011734550843e+00
2.362500000000e-01,1.003884817173e+00
2.387500000000e-01,9.819376026273e-01
2.412500000000e-01,1.018382794665e+00
2.437500000000e-01,9.922704153150e-01
2.462500000000e-01,1.000841042893e+00
2.487500000000e-01,1.017421602787e+00
2.512500000000e-01,9.865032640474e-01
2.537500000000e-01,1.002923625295e+00
2.562500000000e-01,9.978773679362e-01
2.587500000000e-01,9.877848532180e-01
2.612500000000e-01,9.951539909488e-01
2.637500000000e-01,1.002603228003e+00
2.662500000000e-01,1.004365413112e+00
2.687500000000e-01,9.857823701390e-01
2.712500000000e-01,9.911490247907e-01
2.737500000000e-01,1.011654451520e+00
2.762500000000e-01,9.965957787657e-01
2.787500000000e-01,1.007969882654e+00
2.812500000000e-01,1.003644519204e+00
2.837500000000e-01,1.006768392807e+00
2.862500000000e-01,9.874644559253e-01
2.887500000000e-01,9.923505146382e-01
2.912500000000e-01,9.849813769074e-01
2.937500000000e-01,1.002603228003e+00
2.962500000000e-01,1.008931074532e+00
2.987500000000e-01,1.004365413112e+00
3.012500000000e-01,9.805759141335e-01
3.037500000000e-01,1.001481837478e+00
3.062500000000e-01,1.012135047459e+00
3.087500000000e-01,1.013656934599e+00
3.112500000000e-01,9.843405823221e-01
3.137500000000e-01,1.022387760823e+00
3.162500000000e-01,9.853818735232e-01
3.187500000000e-01,9.949937923025e-01
3.212500000000e-01,1.016059914294e+00
3.237500000000e-01,9.894669390044e-01
3.262500000000e-01,1.002202731387e+00
3.287500000000e-01,9.991589571068e-01
3.312500000000e-01,1.007889783331e+00
3.337500000000e-01,1.000600744924e+00
3.362500000000e-01,9.894669390044e-01
3.387500000000e-01,9.824982978894e-01
3.412500000000e-01,9.947534943330e-01
3.437500000000e-01,1.007248988746e+00
3.462500000000e-01,9.967559774120e-01
3.487500000000e-01,9.943529977172e-01
3.512500000000e-01,1.020385277744e+00
3.537500000000e-01,9.936321038087e-01
3.562500000000e-01,1.000200248308e+00
3.587500000000e-01,9.857022708158e-01
3.612500000000e-01,9.975569706436e-01
3.637500000000e-01,1.007969882654e+00
3.662500000000e-01,1.001401738155e+00
3.687500000000e-01,1.007729584685e+00
3.712500000000e-01,9.962753814730e-01
3.737500000000e-01,9.953141895951e-01
3.762500000000e-01,1.005166406344e+00
3.787500000000e-01,9.901878329128e-01
3.812500000000e-01,1.005727101606e+00
3.837500000000e-01,1.007329088069e+00
3.862500000000e-01,1.016460410910e+00
3.887500000000e-01,9.973166726741e-01
3.912500000000e-01,1.001001241540e+00
3.937500000000e-01,9.998798510153e-01
3.962500000000e-01,1.001561936802e+00
3.987500000000e-01,1.001642036125e+00
4.012500000000e-01,1.011814650166e+00
4.037500000000e-01,1.007569386039e+00
4.062500000000e-01,1.002443029356e+00
4.087500000000e-01,9.882654491570e-01
4.112500000000e-01,9.917097200529e-01
4.137500000000e-01,9.977972686131e-01
4.162500000000e-01,9.929913092234e-01
4.187500000000e-01,9.945932956867e-01
4.212500000000e-01,1.002843525972e+00
4.237500000000e-01,9.953141895951e-01
4.262500000000e-01,9.969161760583e-01
4.287500000000e-01,9.915495214065e-01
4.312500000000e-01,1.012855941367e+00
4.337500000000e-01,9.945131963635e-01
4.362500000000e-01,9.712042933237e-01
4.387500000000e-01,9.904281308823e-01
4.412500000000e-01,9.882654491570e-01
4.437500000000e-01,9.914694220834e-01
4.462500000000e-01,9.960350835035e-01
4.487500000000e-01,1.009812167087e+00
4.512500000000e-01,1.003964916496e+00
4.537500000000e-01,9.890664423886e-01
4.562500000000e-01,1.004685810405e+00
4.587500000000e-01,9.885057471264e-01
4.612500000000e-01,1.000120148985e+00
4.637500000000e-01,1.025351435780e+00
4.662500000000e-01,9.954743882414e-01
4.687500000000e-01,9.985181625215e-01
4.712500000000e-01,9.878649525412e-01
4.737500000000e-01,9.878649525412e-01
4.762500000000e-01,1.007248988746e+00
4.787500000000e-01,1.009812167087e+00
4.812500000000e-01,1.001401738155e+00
4.837500000000e-01,9.943529977172e-01
4.862500000000e-01,9.953942889183e-01
4.887500000000e-01,9.870639593095e-01
4.912500000000e-01,1.018863390604e+00
4.937500000000e-01,1.010212663703e+00
4.962500000000e-01,9.929913092234e-01
4.987500000000e-01,1.000921142216e+00
5.012500000000e-01,9.969962753815e-01
5.037500000000e-01,1.010613160319e+00
5.062500000000e-01,1.002923625295e+00
5.087500000000e-01,1.005967399575e+00
5.112500000000e-01,1.003724618527e+00
5.137500000000e-01,1.008610677240e+00
5.162500000000e-01,9.935520044856e-01
5.187500000000e-01,9.860226681085e-01
5.212500000000e-01,1.001321638832e+00
5.237500000000e-01,1.015178821739e+00
5.262500000000e-01,9.969161760583e-01
5.287500000000e-01,1.002122632064e+00
5.312500000000e-01,1.008370379270e+00
5.337500000000e-01,1.010132564380e+00
5.362500000000e-01,9.902679322360e-01
5.387500000000e-01,9.993191557531e-01
5.412500000000e-01,1.002042532741e+00
5.437500000000e-01,1.000921142216e+00
5.462500000000e-01,1.003644519204e+00
5.487500000000e-01,1.002443029356e+00
5.512500000000e-01,9.957947855341e-01
5.537500000000e-01,9.869037606632e-01
5.562500000000e-01,9.784132324082e-01
5.587500000000e-01,9.983579638752e-01
5.612500000000e-01,9.929913092234e-01
5.637500000000e-01,9.984380631984e-01
5.662500000000e-01,9.818575033041e-01
5.687500000000e-01,9.909087268213e-01
5.712500000000e-01,9.555849253074e-01
5.737500000000e-01,9.932316071929e-01
5.762500000000e-01,9.595097921423e-01
5.787500000000e-01,9.649565461172e-01
5.812500000000e-01,9.401257559374e-01
5.837500000000e-01,8.531378909848e-01
5.862500000000e-01,7.731987664704e-01
5.887500000000e-01,4.339781328848e-01
5.912500000000e-01,1.345668629100e-01
5.937500000000e-01,3.115863670952e-02
5.962500000000e-01,1.089350794986e-02
5.987500000000e-01,1.601986463214e-04
6.012500000000e-01,8.009932316072e-05
6.037500000000e-01,8.009932316072e-05
6.062500000000e-01,0.000000000000e+00
6.087500000000e-01,8.009932316072e-05
6.112500000000e-01,8.009932316072e-05
6.137500000000e-01,0.000000000000e+00
6.162500000000e-01,0.000000000000e+00
6.187500000000e-01,0.000000000000e+00
6.212500000000e-01,8.009932316072e-05
6.237500000000e-01,0.000000000000e+00
6.262500000000e-01,0.000000000000e+00
6.287500000000e-01,0.000000000000e+00
6.312500000000e-01,0.000000000000e+00
6.337500000000e-01,0.000000000000e+00
6.362500000000e-01,0.000000000000e+00
6.387500000000e-01,8.009932316072e-05
6.412500000000e-01,0.000000000000e+00
6.437500000000e-01,0.000000000000e+00
6.462500000000e-01,8.009932316072e-05
6.487500000000e-01,0.000000000000e+00
6.512500000000e-01,0.000000000000e+00
6.537500000000e-01,0.000000000000e+00
6.562500000000e-01,0.000000000000e+00
6.587500000000e-01,0.000000000000e+00
6.612500000000e-01,8.009932316072e-05
6.637500000000e-01,0.000000000000e+00
6.662500000000e-01,0.000000000000e+00
6.687500000000e-01,0.000000000000e+00
6.712500000000e-01,0.000000000000e+00
6.737500000000e-01,8.009932316072e-05
6.762500000000e-01,0.000000000000e+00
6.787500000000e-01,0.000000000000e+00
6.812500000000e-01,0.000000000000e+00
6.837500000000e-01,0.000000000000e+00
6.862500000000e-01,0.000000000000e+00
6.887500000000e-01,0.000000000000e+00
6.912500000000e-01,0.000000000000e+00
6.937500000000e-01,0.000000000000e+00
6.962500000000e-01,0.000000000000e+00
6.987500000000e-01,0.000000000000e+00
7.012500000000e-01,0.000000000000e+00
7.037500000000e-01,0.000000000000e+00
7.062500000000e-01,0.000000000000e+00
7.087500000000e-01,0.000000000000e+00
7.112500000000e-01,0.000000000000e+00
7.137500000000e-01,0.000000000000e+00
7.162500000000e-01,0.000000000000e+00
7.187500000000e-01,0.000000000000e+00
7.212500000000e-01,0.000000000000e+00
7.237500000000e-01,0.000000000000e+00
7.262500000000e-01,8.009932316072e-05
7.287500000000e-01,8.009932316072e-05
7.312500000000e-01,0.000000000000e+00
7.337500000000e-01,0.000000000000e+00
7.362500000000e-01,0.000000000000e+00
7.387500000000e-01,0.000000000000e+00
7.412500000000e-01,8.009932316072e-05
7.437500000000e-01,0.000000000000e+00
7.462500000000e-01,0.000000000000e+00
7.487500000000e-01,0.000000000000e+00
7.512500000000e-01,0.000000000000e+00
7.537500000000e-01,0.000000000000e+00
7.562500000000e-01,0.000000000000e+00
7.587500000000e-01,0.000000000000e+00
7.612500000000e-01,0.000000000000e+00
7.637500000000e-01,0.000000000000e+00
7.662500000000e-01,0.000000000000e+00
7.687500000000e-01,0.000000000000e+00
7.712500000000e-01,0.000000000000e+00
7.737500000000e-01,0.000000000000e+00
7.762500000000e-01,0.000000000000e+00
7.787500000000e-01,0.000000000000e+00
7.812500000000e-01,0.000000000000e+00
7.837500000000e-01,0.000000000000e+00
7.862500000000e-01,0.000000000000e+00
7.887500000000e-01,0.000000000000e+00
7.912500000000e-01,0.000000000000e+00
7.937500000000e-01,0.000000000000e+00
7.962500000000e-01,8.009932316072e-05
7.987500000000e-01,0.000000000000e+00
8.012500000000e-01,0.000000000000e+00
8.037500000000e-01,0.000000000000e+00
8.062500000000e-01,0.000000000000e+00
8.087500000000e-01,0.000000000000e+00
8.112500000000e-01,0.000000000000e+00
8.137500000000e-01,0.000000000000e+00
8.162500000000e-01,8.009932316072e-05
8.187500000000e-01,0.000000000000e+00
8.212500000000e-01,0.000000000000e+00
8.237500000000e-01,0.000000000000e+00
8.262500000000e-01,8.009932316072e-05
8.287500000000e-01,0.000000000000e+00
8.312500000000e-01,8.009932316072e-05
8.337500000000e-01,0.000000000000e+00
8.362500000000e-01,0.000000000000e+00
8.387500000000e-01,0.000000000000e+00
8.412500000000e-01,0.000000000000e+00
8.437500000000e-01,0.000000000000e+00
8.462500000000e-01,0.000000000000e+00
8.487500000000e-01,0.000000000000e+00
8.512500000000e-01,8.009932316072e-05
8.537500000000e-01,0.000000000000e+00
8.562500000000e-01,0.000000000000e+00
8.587500000000e-01,0.000000000000e+00
8.612500000000e-01,0.000000000000e+00
8.637500000000e-01,0.000000000000e+00
8.662500000000e-01,0.000000000000e+00
8.687500000000e-01,0.000000000000e+00
8.712500000000e-01,0.000000000000e+00
8.737500000000e-01,0.000000000000e+00
8.762500000000e-01,0.000000000000e+00
8.787500000000e-01,0.000000000000e+00
8.812500000000e-01,0.000000000000e+00
8.837500000000e-01,0.000000000000e+00
8.862500000000e-01,0.000000000000e+00
8.887500000000e-01,0.000000000000e+00
8.912500000000e-01,0.000000000000e+00
8.937500000000e-01,0.000000000000e+00
8.962500000000e-01,0.000000000000e+00
8.987500000000e-01,0.000000000000e+00
9.012500000000e-01,8.009932316072e-05
9.037500000000e-01,0.000000000000e+00
9.062500000000e-01,8.009932316072e-05
9.087500000000e-01,0.000000000000e+00
9.112500000000e-01,0.000000000000e+00
9.137500000000e-01,0.000000000000e+00
9.162500000000e-01,8.009932316072e-05
9.187500000000e-01,0.000000000000e+00
9.212500000000e-01,0.000000000000e+00
9.237500000000e-01,8.009932316072e-05
9.262500000000e-01,0.000000000000e+00
9.287500000000e-01,0.000000000000e+00
9.312500000000e-01,0.000000000000e+00
9.337500000000e-01,0.000000000000e+00
9.362500000000e-01,0.000000000000e+00
9.387500000000e-01,0.000000000000e+00
9.412500000000e-01,0.000000000000e+00
9.437500000000e-01,0.000000000000e+00
9.462500000000e-01,0.000000000000e+00
9.487500000000e-01,0.000000000000e+00
9.512500000000e-01,0.000000000000e+00
9.537500000000e-01,0.000000000000e+00
9.562500000000e-01,0.000000000000e+00
9.587500000000e-01,0.000000000000e+00
9.612500000000e-01,0.000000000000e+00
9.637500000000e-01,0.000000000000e+00
9.662500000000e-01,0.000000000000e+00
9.687500000000e-01,0.000000000000e+00
9.712500000000e-01,0.000000000000e+00
9.737500000000e-01,0.000000000000e+00
9.762500000000e-01,0.000000000000e+00
9.787500000000e-01,0.000000000000e+00
9.812500000000e-01,0.000000000000e+00
9.837500000000e-01,0.000000000000e+00
9.862500000000e-01,0.000000000000e+00
9.887500000000e-01,0.000000000000e+00
9.912500000000e-01,0.000000000000e+00
9.937500000000e-01,0.000000000000e+00
9.962500000000e-01,0.000000000000e+00
9.987500000000e-01,0.000000000000e+00
