r,S_H0.5,S_H0.5_sd,S_H0.8,S_H0.8_sd
2.000000000000e-02,1.213974955227e-02,9.029423435229e-04,4.710528474250e-03,4.197975882078e-04
4.000000000000e-02,1.902140831047e-02,1.393353994654e-03,8.412469222686e-03,7.144696547041e-04
6.000000000000e-02,2.384407291863e-02,1.706105865727e-03,1.161719333547e-02,9.433325025594e-04
8.000000000000e-02,2.788711033434e-02,1.946465788801e-03,1.457385666480e-02,1.138546783247e-03
1.200000000000e-01,3.451823266798e-02,2.328243032456e-03,1.998922192861e-02,1.463805937010e-03
1.400000000000e-01,3.737911093625e-02,2.479744933687e-03,2.252166880793e-02,1.601840828730e-03
1.800000000000e-01,4.251846807547e-02,2.720577222853e-03,2.733284588291e-02,1.836245291982e-03
2.400000000000e-01,4.915300217227e-02,2.998058718373e-03,3.405944576972e-02,2.107079692659e-03
3.000000000000e-01,5.491580119252e-02,3.205072805776e-03,4.034898777561e-02,2.295699199337e-03
3.800000000000e-01,6.167675044528e-02,3.310103576094e-03,4.823961815370e-02,2.416592717214e-03
4.800000000000e-01,6.928056285074e-02,3.192706090585e-03,5.755006746803e-02,2.374689775814e-03
6.200000000000e-01,7.871033525217e-02,2.635621367302e-03,6.978626328868e-02,2.039096691730e-03
7.800000000000e-01,8.815812292004e-02,1.689387114163e-03,8.291376342397e-02,1.360530043106e-03
1.000000000000e+00,1.000000000000e-01,1.298148181580e-17,1.000000000000e-01,1.835858764360e-17
1.280000000000e+00,1.135996335350e-01,2.802280741012e-03,1.204545145596e-01,2.402854228805e-03
