x,team3_g_per_m,hover5min_g_per_m
1.000000000000e-01,1.102806830754e+01,0.000000000000e+00
3.000000000000e-01,1.309999949100e+01,0.000000000000e+00
5.000000000000e-01,1.192735164451e+01,0.000000000000e+00
7.000000000000e-01,1.309716556583e+01,0.000000000000e+00
9.000000000000e-01,1.563670391131e+01,0.000000000000e+00
1.100000000000e+00,1.342329061059e+01,0.000000000000e+00
1.300000000000e+00,1.173137105372e+01,0.000000000000e+00
1.500000000000e+00,1.847303747203e+01,0.000000000000e+00
1.700000000000e+00,1.424730002964e+01,0.000000000000e+00
1.900000000000e+00,1.200332133110e+01,0.000000000000e+00
2.100000000000e+00,1.541175750894e+01,0.000000000000e+00
2.300000000000e+00,1.453169345359e+01,0.000000000000e+00
2.500000000000e+00,1.419420653955e+01,0.000000000000e+00
2.700000000000e+00,1.537414267483e+01,0.000000000000e+00
2.900000000000e+00,1.499359951610e+01,0.000000000000e+00
3.100000000000e+00,1.397459511019e+01,0.000000000000e+00
3.300000000000e+00,1.469131602639e+01,0.000000000000e+00
3.500000000000e+00,1.252493129749e+01,0.000000000000e+00
3.700000000000e+00,1.479994318312e+01,0.000000000000e+00
3.900000000000e+00,1.484931113185e+01,0.000000000000e+00
4.100000000000e+00,1.491820792348e+01,0.000000000000e+00
4.300000000000e+00,1.437185397374e+01,0.000000000000e+00
4.500000000000e+00,1.534998030481e+01,0.000000000000e+00
4.700000000000e+00,1.487120243623e+01,0.000000000000e+00
4.900000000000e+00,1.596819531886e+01,0.000000000000e+00
5.100000000000e+00,1.637464922771e+01,0.000000000000e+00
5.300000000000e+00,1.754275021251e+01,1.999997385342e-01
5.500000000000e+00,1.753916435237e+01,2.174887078191e+00
5.700000000000e+00,1.357483510864e+01,1.449999636961e+00
5.900000000000e+00,1.747939708485e+01,1.333218828749e+01
6.100000000000e+00,1.538026645212e+01,2.433667117254e+01
6.300000000000e+00,1.388813086394e+01,3.375141772967e+01
6.500000000000e+00,1.504831110707e+01,3.535446561594e+01
6.700000000000e+00,1.315985222303e+01,2.247403289827e+01
6.900000000000e+00,1.422266100334e+01,1.029102741302e+01
7.100000000000e+00,1.402491261297e+01,7.024846757078e+00
7.300000000000e+00,1.577905994872e+01,6.240332055809e+00
7.500000000000e+00,1.533812016905e+01,1.438016850018e+01
7.700000000000e+00,1.843821408108e+01,1.259466158443e+01
7.900000000000e+00,1.882178743096e+01,3.749328268367e+00
8.100000000000e+00,1.851234846381e+01,4.617243348202e+00
8.300000000000e+00,1.962086618117e+01,2.596063191958e+00
8.500000000000e+00,2.105423245476e+01,2.895364765863e+00
8.700000000000e+00,1.469978381837e+01,2.292267996311e+00
8.900000000000e+00,1.607370365400e+01,3.249999996291e+00
9.100000000000e+00,1.277499689845e+01,7.500000000000e-01
9.300000000000e+00,1.626120410619e+01,5.000000000000e-01
9.500000000000e+00,1.392185180061e+01,7.804673764357e-01
9.700000000000e+00,1.387522911212e+01,7.750000000000e-01
9.900000000000e+00,1.601565971828e+01,6.500000000000e-01
1.010000000000e+01,1.429716618430e+01,1.424999684592e+00
1.030000000000e+01,1.387450035113e+01,6.749991546319e-01
1.050000000000e+01,1.289965877700e+01,0.000000000000e+00
1.070000000000e+01,1.389724794577e+01,0.000000000000e+00
1.090000000000e+01,1.627008592921e+01,0.000000000000e+00
1.110000000000e+01,1.487524911667e+01,0.000000000000e+00
1.130000000000e+01,1.285916551879e+01,0.000000000000e+00
1.150000000000e+01,1.527499943871e+01,0.000000000000e+00
1.170000000000e+01,1.551512258339e+01,0.000000000000e+00
1.190000000000e+01,1.474673698206e+01,0.000000000000e+00
1.210000000000e+01,1.635712664312e+01,0.000000000000e+00
1.230000000000e+01,1.528879951923e+01,0.000000000000e+00
1.250000000000e+01,1.604887065706e+01,0.000000000000e+00
1.270000000000e+01,1.282137962872e+01,0.000000000000e+00
