t_s,silt_g_median_tilt0,silt_g_q1_tilt0,silt_g_q3_tilt0,silt_g_median_tilt3,silt_g_q1_tilt3,silt_g_q3_tilt3,silt_g_median_tilt6,silt_g_q1_tilt6,silt_g_q3_tilt6,silt_g_median_tilt10,silt_g_q1_tilt10,silt_g_q3_tilt10
0.000000000000e+00,0.000000000000e+00,0.000000000000e+00,0.000000000000e+00,0.000000000000e+00,0.000000000000e+00,0.000000000000e+00,0.000000000000e+00,0.000000000000e+00,0.000000000000e+00,0.000000000000e+00,0.000000000000e+00,0.000000000000e+00
1.000000000000e+01,1.578596365573e+01,1.421716113336e+01,1.739209230603e+01,1.750308207040e+01,1.505056662669e+01,2.181782168845e+01,2.010551649463e+01,1.667514144867e+01,2.312395862148e+01,2.381559105446e+01,1.829000910518e+01,2.525536290768e+01
2.000000000000e+01,2.373921365129e+01,2.087499670200e+01,2.674020051580e+01,2.848415545697e+01,2.196591092535e+01,3.282389230272e+01,2.661213949990e+01,2.214545632574e+01,3.207494439847e+01,3.270405194535e+01,3.077101936429e+01,3.640105952404e+01
3.000000000000e+01,2.940836440669e+01,2.672845862389e+01,3.298899077698e+01,3.426992704536e+01,2.789504303113e+01,3.698234507407e+01,3.399000463388e+01,2.828564002168e+01,3.800072460531e+01,3.943139215122e+01,3.475698094033e+01,4.296706954328e+01
4.000000000000e+01,3.674553662232e+01,3.157636352184e+01,3.922041843637e+01,3.722069844671e+01,3.209482977818e+01,4.203695994367e+01,3.899209912462e+01,3.265260425812e+01,4.604073834031e+01,4.407151982832e+01,3.885818008228e+01,4.533375197093e+01
5.000000000000e+01,4.077838910837e+01,3.514779925934e+01,4.257028990577e+01,4.017507244394e+01,3.573234992427e+01,4.521432222798e+01,4.745867929163e+01,3.957744128812e+01,5.309976607073e+01,4.588467860046e+01,4.356483068904e+01,4.925381648601e+01
6.000000000000e+01,4.428092324583e+01,3.778772375413e+01,4.821166459340e+01,4.303752648723e+01,3.807695471076e+01,4.935812355442e+01,5.144637913268e+01,4.228401938041e+01,5.599635015200e+01,4.884831649644e+01,4.650418005107e+01,5.395850585779e+01
7.000000000000e+01,4.679448029851e+01,4.076885195679e+01,5.250500963593e+01,4.575206359177e+01,4.159810252634e+01,5.296884989389e+01,5.485410188214e+01,4.516410754749e+01,6.087986270062e+01,5.041781284763e+01,4.708168004787e+01,5.533276123732e+01
8.000000000000e+01,4.840209985600e+01,4.401416234602e+01,5.573828513625e+01,4.931543321462e+01,4.489113172416e+01,5.636895797116e+01,5.805544077082e+01,4.814944691285e+01,6.421615373145e+01,5.185142361410e+01,4.754214043440e+01,5.577276126107e+01
9.000000000000e+01,5.142671963375e+01,4.654573807726e+01,5.800874838124e+01,5.312694899927e+01,4.787355108823e+01,5.894066507672e+01,6.307109188762e+01,5.031930368015e+01,6.664259473817e+01,5.310428698253e+01,4.806836171410e+01,5.823973689375e+01
1.000000000000e+02,5.393790107856e+01,4.854907260489e+01,6.190829828129e+01,6.008481097084e+01,5.236177103365e+01,6.235414164799e+01,6.533337185388e+01,5.317998689024e+01,6.939466563716e+01,5.350428697924e+01,4.838586171658e+01,5.905941586815e+01
1.100000000000e+02,5.625090215085e+01,5.067628285370e+01,6.356876794828e+01,6.251108082284e+01,5.638696052064e+01,6.944229340303e+01,6.652642408662e+01,5.611945722423e+01,7.157171601510e+01,5.396928694216e+01,4.881074815993e+01,5.957713072088e+01
1.200000000000e+02,5.802053694040e+01,5.230370281506e+01,6.600347710630e+01,6.549706613759e+01,5.802972036313e+01,7.203793807779e+01,6.812523213906e+01,5.808256819039e+01,7.407402073346e+01,5.417928625209e+01,4.910824816094e+01,6.081624478609e+01
1.300000000000e+02,5.981644911461e+01,5.491363294591e+01,6.892705605328e+01,6.800268491844e+01,6.012085185052e+01,7.673753551954e+01,6.885181086643e+01,6.204495986672e+01,7.634699840839e+01,5.434928625358e+01,4.943824816505e+01,6.129190076481e+01
1.400000000000e+02,6.164014051198e+01,5.740439475519e+01,7.180549532851e+01,7.183913536394e+01,6.259155171872e+01,7.848973129129e+01,6.952520945680e+01,6.471360427349e+01,8.010719448928e+01,5.489428612885e+01,4.968824815977e+01,6.257567952761e+01
1.500000000000e+02,6.484147460582e+01,5.941630451280e+01,7.403864003326e+01,7.497083120992e+01,6.994193221685e+01,8.096073078144e+01,7.136792776213e+01,6.626976989922e+01,8.243344738639e+01,5.513428612133e+01,4.999574814696e+01,6.285273580009e+01
1.600000000000e+02,6.684129154994e+01,6.158116920223e+01,7.708626698224e+01,7.707356592459e+01,7.255967404548e+01,8.256048850076e+01,7.291137074838e+01,6.691833851399e+01,8.586644782512e+01,5.548084748963e+01,5.016074814529e+01,6.337585289581e+01
1.700000000000e+02,6.913008333265e+01,6.357235231401e+01,7.887224560548e+01,8.148864531056e+01,7.573472073526e+01,8.667730708612e+01,7.459582284477e+01,6.766113477124e+01,8.853812898641e+01,5.572084743944e+01,5.094586164638e+01,6.353835263474e+01
1.800000000000e+02,7.102583739158e+01,6.473509979141e+01,8.130177779715e+01,8.644441598771e+01,7.876791338573e+01,8.883035879140e+01,7.601848900874e+01,6.811112053948e+01,9.112464046413e+01,5.586084744353e+01,5.119336076869e+01,6.572593926825e+01
1.900000000000e+02,7.272462029724e+01,6.581622428186e+01,8.307405466977e+01,8.942383247196e+01,7.996702897635e+01,9.292571617095e+01,7.676742033281e+01,6.851612021553e+01,9.305167996674e+01,5.605084981253e+01,5.139836076950e+01,6.586843813274e+01
2.000000000000e+02,7.428394680997e+01,6.721372023092e+01,8.535546566324e+01,9.181168262033e+01,8.410131552833e+01,9.761157254528e+01,7.811165482546e+01,6.889111408261e+01,9.549165587484e+01,5.619584980992e+01,5.212336074732e+01,6.619654481370e+01
2.100000000000e+02,7.605711997935e+01,6.837862028937e+01,8.672259255314e+01,9.385829559799e+01,8.658029299991e+01,1.010255408898e+02,7.879297148087e+01,7.022828147003e+01,9.699826363755e+01,5.639084980769e+01,5.232836074628e+01,6.637404481100e+01
2.200000000000e+02,7.780661904548e+01,6.943701082943e+01,8.913615339943e+01,9.535974559754e+01,8.844886131657e+01,1.038253730304e+02,8.139584358718e+01,7.275168420173e+01,9.907570247162e+01,5.644084981253e+01,5.261836074766e+01,6.673904480859e+01
2.300000000000e+02,7.967660847497e+01,7.052547963716e+01,9.056690043670e+01,9.734835048900e+01,9.013991292386e+01,1.058716967121e+02,8.426051835491e+01,7.285668420061e+01,1.029565859562e+02,5.717075156596e+01,5.272836074719e+01,6.686904480803e+01
2.400000000000e+02,8.110419018484e+01,7.158253430295e+01,9.247598664881e+01,1.002433852507e+02,9.213516190727e+01,1.077963201182e+02,8.697486557190e+01,7.305668419981e+01,1.054953369899e+02,5.740075157488e+01,5.299836074217e+01,6.713154482021e+01
2.500000000000e+02,8.277297608668e+01,7.313004446543e+01,9.385848152442e+01,1.020781045172e+02,9.335088688694e+01,1.101318399222e+02,8.957048848542e+01,7.339616792676e+01,1.070757819459e+02,5.759575155632e+01,5.344586073271e+01,6.744402019997e+01
2.600000000000e+02,8.427237311488e+01,7.438483201186e+01,9.583786410059e+01,1.062868312969e+02,9.564670671433e+01,1.119190650107e+02,9.193724499695e+01,7.355366793237e+01,1.088419039883e+02,5.783575157245e+01,5.353086073234e+01,6.766401905969e+01
2.700000000000e+02,8.610424422853e+01,7.547612987548e+01,9.714431854909e+01,1.089847293879e+02,9.679168312709e+01,1.174250977029e+02,9.440561867178e+01,7.364866793471e+01,1.112609270987e+02,5.803075156833e+01,5.375836073172e+01,6.785901905994e+01
2.800000000000e+02,8.750600176463e+01,7.679839962933e+01,9.875425007360e+01,1.120533776490e+02,9.872377661693e+01,1.197238311599e+02,9.578082242165e+01,7.365116794215e+01,1.128955380658e+02,5.825575156328e+01,5.382586073562e+01,6.799401905697e+01
2.900000000000e+02,8.882097799918e+01,7.792805336604e+01,9.973933663872e+01,1.137044539451e+02,1.002008525036e+02,1.216779650074e+02,9.658836059799e+01,7.374116794438e+01,1.151833169554e+02,5.833575157134e+01,5.397086073488e+01,6.819401905420e+01
3.000000000000e+02,9.020478418210e+01,7.920792305100e+01,1.025237080382e+02,1.173384326950e+02,1.018272475867e+02,1.233522109469e+02,9.779817448513e+01,7.381616794506e+01,1.167626759321e+02,5.845575157581e+01,5.416586074101e+01,6.839901905881e+01
3.100000000000e+02,9.158559912141e+01,8.032540476730e+01,1.035859314436e+02,1.197935593600e+02,1.031107365560e+02,1.254544299075e+02,9.848166847888e+01,7.392623577825e+01,1.221036738228e+02,5.854575157730e+01,5.420086074027e+01,6.867896215616e+01
3.200000000000e+02,9.269554786439e+01,8.160881127617e+01,1.050759309884e+02,1.204333875930e+02,1.046966764173e+02,1.275308751769e+02,9.957166838686e+01,7.400123577732e+01,1.257596915483e+02,5.879575157246e+01,5.424586074101e+01,6.884396177762e+01
3.300000000000e+02,9.380483171493e+01,8.274379798831e+01,1.059748360720e+02,1.211782690498e+02,1.059077228954e+02,1.304185828922e+02,1.003816356115e+02,7.409623577844e+01,1.318868233254e+02,6.077263664173e+01,5.435086074301e+01,6.892961584031e+01
3.400000000000e+02,9.509613233524e+01,8.422628145868e+01,1.074264915956e+02,1.220582690452e+02,1.070052228254e+02,1.322517263028e+02,1.015379290022e+02,7.414873578123e+01,1.338240316651e+02,6.094263663968e+01,5.455836074097e+01,6.903711584314e+01
3.500000000000e+02,9.633904773878e+01,8.511369940795e+01,1.082439915351e+02,1.228838006294e+02,1.085001108246e+02,1.340626990970e+02,1.020629289593e+02,7.445623577599e+01,1.357877093622e+02,6.101263664014e+01,5.496549749418e+01,6.910711584314e+01
3.600000000000e+02,9.748903817401e+01,8.613670541373e+01,1.098507256478e+02,1.238682287126e+02,1.094051065513e+02,1.359259306601e+02,1.033240637738e+02,7.449123577747e+01,1.378039490986e+02,6.105263663940e+01,5.498549749776e+01,6.943461561606e+01
3.700000000000e+02,9.868885157069e+01,8.761004537753e+01,1.108931768388e+02,1.247326327057e+02,1.104976026615e+02,1.372714192994e+02,1.040134554587e+02,7.467623576845e+01,1.396339072642e+02,6.121263663643e+01,5.518549749164e+01,6.958211561569e+01
3.800000000000e+02,9.992814172090e+01,8.840908634647e+01,1.125931550839e+02,1.254126224152e+02,1.114651026564e+02,1.395114164228e+02,1.050784554085e+02,7.474623576687e+01,1.407826130313e+02,6.127263663755e+01,5.527049749034e+01,6.972211561476e+01
3.900000000000e+02,1.015632496217e+02,8.955207714005e+01,1.137121210930e+02,1.255672424267e+02,1.127542341227e+02,1.408661431784e+02,1.061932363927e+02,7.482623576613e+01,1.422332210774e+02,6.136263663752e+01,5.535278382142e+01,6.986461550969e+01
4.000000000000e+02,1.027176499549e+02,9.047641395997e+01,1.151554531817e+02,1.257347203597e+02,1.137139250454e+02,1.423030313218e+02,1.071613049457e+02,7.502373576313e+01,1.446832201199e+02,6.140263663938e+01,5.543028382425e+01,6.996461550783e+01
4.100000000000e+02,1.040022691163e+02,9.131682321459e+01,1.159529531801e+02,1.258147206522e+02,1.149934083669e+02,1.433555292888e+02,1.078428244222e+02,7.514123574538e+01,1.464341748904e+02,6.145263664124e+01,5.560278381997e+01,6.996961550932e+01
4.200000000000e+02,1.048705209964e+02,9.238432130788e+01,1.176092876154e+02,1.258647206537e+02,1.160928345689e+02,1.447212159288e+02,1.088677429864e+02,7.518123574854e+01,1.476047034609e+02,6.156763663904e+01,5.565278381885e+01,7.003961551496e+01
4.300000000000e+02,1.060082294722e+02,9.321178227798e+01,1.186667448988e+02,1.259347206545e+02,1.172113523383e+02,1.461706345938e+02,1.094177586137e+02,7.525373575003e+01,1.488334398104e+02,6.162763663756e+01,5.576778381904e+01,7.029395073619e+01
4.400000000000e+02,1.069242761767e+02,9.400920866731e+01,1.198915434784e+02,1.263175482252e+02,1.182761043358e+02,1.477974968997e+02,1.101627583205e+02,7.536873574686e+01,1.498326269975e+02,6.176763663421e+01,5.581778381792e+01,7.034145073545e+01
4.500000000000e+02,1.079005877498e+02,9.480617544516e+01,1.207654433297e+02,1.279141242525e+02,1.195815703566e+02,1.487168071556e+02,1.123162017779e+02,7.582873583773e+01,1.517543668194e+02,6.187763661983e+01,5.583778382425e+01,7.039895073880e+01
4.600000000000e+02,1.088051175912e+02,9.580161858367e+01,1.222452551690e+02,1.292990982610e+02,1.204946734261e+02,1.499182246091e+02,1.141289673504e+02,7.613708595353e+01,1.537596768638e+02,6.192763662017e+01,5.610528381208e+01,7.046395073917e+01
4.700000000000e+02,1.100667949357e+02,9.668911823255e+01,1.238322930201e+02,1.299739909892e+02,1.216232180699e+02,1.507532239918e+02,1.151389454273e+02,7.618708596554e+01,1.544319266903e+02,6.196763662241e+01,5.624528380780e+01,7.065145073396e+01
4.800000000000e+02,1.109264227946e+02,9.743644097499e+01,1.257488396579e+02,1.309738464117e+02,1.225507156013e+02,1.519207144548e+02,1.163497612613e+02,7.621708596665e+01,1.549042339513e+02,6.199763662390e+01,5.634028380743e+01,7.065645073731e+01
4.900000000000e+02,1.119137611200e+02,9.855195719851e+01,1.268607617399e+02,1.316038435441e+02,1.250450769345e+02,1.526356354417e+02,1.171238984613e+02,7.630208596882e+01,1.556062665638e+02,6.204763662380e+01,5.640278381173e+01,7.070145073842e+01
5.000000000000e+02,1.130387113426e+02,9.928182827672e+01,1.290853332566e+02,1.323687161213e+02,1.252471710904e+02,1.538898161589e+02,1.179636996510e+02,7.634208596789e+01,1.562897625617e+02,6.213763663487e+01,5.646278381061e+01,7.076395073842e+01
5.100000000000e+02,1.140456132887e+02,1.002187876662e+02,1.301203327917e+02,1.331004587889e+02,1.260786161924e+02,1.549403766483e+02,1.183486814371e+02,7.653208596769e+01,1.567997499553e+02,6.216763663562e+01,5.657528380816e+01,7.082895073953e+01
5.200000000000e+02,1.148520894241e+02,1.009212870145e+02,1.317375745109e+02,1.346631216676e+02,1.269410725689e+02,1.565415482132e+02,1.189486754043e+02,7.656208596750e+01,1.572372482712e+02,6.222763663785e+01,5.657528381095e+01,7.091895074028e+01
5.300000000000e+02,1.158209520531e+02,1.040181035955e+02,1.327706505908e+02,1.364310893576e+02,1.278340343990e+02,1.574115132802e+02,1.192636754044e+02,7.661958596806e+01,1.577327397172e+02,6.226763663785e+01,5.662778381160e+01,7.093900702389e+01
5.400000000000e+02,1.167009520230e+02,1.082442014885e+02,1.342386254500e+02,1.392199546745e+02,1.278390343988e+02,1.586152945116e+02,1.197529646460e+02,7.662458596787e+01,1.582193926726e+02,6.231763663937e+01,5.665778381129e+01,7.095400702724e+01
5.500000000000e+02,1.222919764586e+02,1.108944944611e+02,1.354694759643e+02,1.412753781323e+02,1.279515343957e+02,1.594277882543e+02,1.200429646453e+02,7.671208596526e+01,1.589744677844e+02,6.233763664049e+01,5.680528380439e+01,7.098900702631e+01
5.600000000000e+02,1.253164023094e+02,1.117850542665e+02,1.368958762743e+02,1.431213593881e+02,1.280715343925e+02,1.605335568472e+02,1.206729070056e+02,7.681708596377e+01,1.608760939015e+02,6.241763663862e+01,5.699528379862e+01,7.103900702743e+01
5.700000000000e+02,1.274305518879e+02,1.128620152062e+02,1.378208473484e+02,1.450260389596e+02,1.285952018177e+02,1.654621051966e+02,1.211579038940e+02,7.690208596803e+01,1.623473943537e+02,6.249763663676e+01,5.709028379713e+01,7.110400702538e+01
5.800000000000e+02,1.282352082984e+02,1.136842839468e+02,1.394774633364e+02,1.463858747064e+02,1.299213529662e+02,1.670057999632e+02,1.218525576734e+02,7.700458597045e+01,1.641759289165e+02,6.252763663900e+01,5.715528379639e+01,7.118900702371e+01
5.900000000000e+02,1.292683035781e+02,1.146642802171e+02,1.405379017543e+02,1.480071834132e+02,1.320336316115e+02,1.680107811394e+02,1.223767648488e+02,7.703458597101e+01,1.653204669688e+02,6.261763663825e+01,5.731778379151e+01,7.134400701348e+01
6.000000000000e+02,1.300882951673e+02,1.153890394795e+02,1.422376403876e+02,1.493821776785e+02,1.337685971162e+02,1.685704674295e+02,1.233612990762e+02,7.718958596785e+01,1.667818775422e+02,6.261763663825e+01,5.739778379449e+01,7.138900701515e+01
