volume,area
1.000000000000e-05,2.322168898074e-03
1.467799267622e-05,3.131544318229e-03
2.154434690032e-05,4.018612442490e-03
3.162277660168e-05,5.127366591279e-03
4.641588833613e-05,6.969488551600e-03
6.812920690580e-05,9.522396846206e-03
1.000000000000e-04,1.292567447379e-02
1.467799267622e-04,1.693329765535e-02
2.154434690032e-04,2.277323120305e-02
3.162277660168e-04,2.940475716984e-02
4.641588833613e-04,3.625622721097e-02
6.812920690580e-04,5.070308792681e-02
1.000000000000e-03,7.334060645967e-02
1.467799267622e-03,1.001360260263e-01
2.154434690032e-03,1.409164616292e-01
3.162277660168e-03,1.830271322906e-01
4.641588833613e-03,2.362237074874e-01
6.812920690580e-03,3.206981082978e-01
1.000000000000e-02,4.177862152280e-01
1.467799267622e-02,5.768388175075e-01
2.154434690032e-02,8.164154925484e-01
3.162277660168e-02,1.124602825119e+00
4.641588833613e-02,1.582658920191e+00
6.812920690580e-02,2.076013813690e+00
