m0,eye_t30min_K1e-06,eye_t60min_K1e-06,eye_t30min_K1e-05,eye_t60min_K1e-05,eye_t30min_K0.0001,eye_t60min_K0.0001
1.000000000000e+00,2.991064580083e+01,2.986072976679e+01,2.987096097278e+01,2.954787775929e+01,2.877748617305e+01,2.886078330610e+01
1.238990370942e+00,2.988929100763e+01,2.982744552210e+01,2.984012188780e+01,2.943982489727e+01,2.848531714007e+01,2.858852148584e+01
1.535097139287e+00,2.986283262447e+01,2.978620666342e+01,2.980191255847e+01,2.930594844168e+01,2.812332252151e+01,2.825119171216e+01
1.901970574038e+00,2.983005094252e+01,2.973511211460e+01,2.975457156733e+01,2.914007680230e+01,2.767481467479e+01,2.783324337075e+01
2.356523227048e+00,2.978943475423e+01,2.967180646061e+01,2.969591653517e+01,2.893456343830e+01,2.711911777141e+01,2.731540940018e+01
2.919709587214e+00,2.973911168803e+01,2.959337136489e+01,2.962324351512e+01,2.867993435920e+01,2.643061465896e+01,2.667381809690e+01
3.617492064505e+00,2.967676189358e+01,2.949619103655e+01,2.953320234304e+01,2.836445138204e+01,2.557756593227e+01,2.587889265006e+01
4.482037834881e+00,2.959951109862e+01,2.937578554549e+01,2.942164219785e+01,2.797357101114e+01,2.452064677395e+01,2.489398767581e+01
5.553201719616e+00,2.950379810752e+01,2.922660430146e+01,2.928342025217e+01,2.748927399541e+01,2.321113411393e+01,2.367369989641e+01
6.880363458503e+00,2.938521063318e+01,2.904177017658e+01,2.911216459243e+01,2.688923465623e+01,2.158866053755e+01,2.216177508797e+01
8.524704073667e+00,2.923828189435e+01,2.881276247564e+01,2.889998047904e+01,2.614579169281e+01,1.957843139930e+01,2.028851480871e+01
1.056202626240e+01,2.905623860173e+01,2.852902413929e+01,2.863708640568e+01,2.522467301979e+01,1.708777685362e+01,1.796756336045e+01
1.308624883676e+01,2.883068871508e+01,2.817747507269e+01,2.831136318021e+01,2.408341585342e+01,1.400187985417e+01,1.509192686462e+01
1.621373630049e+01,2.855123457735e+01,2.774190916426e+01,2.790779524026e+01,2.266940921352e+01,1.148682049416e+01,1.208865177787e+01
2.008866315331e+01,2.820499359158e+01,2.720224719781e+01,2.740777844864e+01,2.091746860224e+01,9.938181250418e+00,1.035257581145e+01
2.488966021204e+01,2.777600434418e+01,2.653361121781e+01,2.678826245852e+01,1.874683105439e+01,8.450479177904e+00,8.887149003905e+00
3.083804933874e+01,2.724449079743e+01,2.570517767693e+01,2.602068811211e+01,1.605743203381e+01,7.113155632194e+00,7.511233567007e+00
3.820804618934e+01,2.658595063097e+01,2.467875649681e+01,2.506967088793e+01,1.276739858142e+01,5.972640836290e+00,6.313008299844e+00
4.733940132110e+01,2.577002570585e+01,2.340703053811e+01,2.389136970457e+01,1.089680369104e+01,4.793832659043e+00,5.174799760910e+00
5.865306240301e+01,2.475910258022e+01,2.183137432080e+01,2.243146588432e+01,9.451860959042e+00,3.862154810759e+00,4.197505766258e+00
7.267057954360e+01,2.350657856179e+01,1.987915143964e+01,2.062265910853e+01,8.000391664510e+00,3.131380289918e+00,3.407015378174e+00
9.003814830530e+01,2.195471336359e+01,1.746036608795e+01,1.838156493043e+01,6.735685343969e+00,2.534144424324e+00,2.768244065654e+00
1.115563987677e+02,2.003196732602e+01,1.446351432783e+01,1.560487082338e+01,5.609902087283e+00,2.027354129425e+00,2.244136806137e+00
1.382173038902e+02,1.764970349971e+01,1.182386196245e+01,1.245250467911e+01,4.476405408297e+00,1.624415565025e+00,1.811089146164e+00
1.712499086175e+02,1.469810155786e+01,1.013443981645e+01,1.065627320257e+01,3.591469982733e+00,1.311467637648e+00,1.469831992291e+00
2.121769878018e+02,1.194801996633e+01,8.795116245133e+00,9.233387693862e+00,2.887206019513e+00,1.048822577021e+00,1.188239325331e+00
2.628852448219e+02,1.024419407425e+01,7.348172890135e+00,7.777848815363e+00,2.318753640647e+00,8.438172004422e-01,9.560189714084e-01
3.257122869971e+02,8.811688875675e+00,6.134530508957e+00,6.548041357122e+00,1.827570432518e+00,6.813168298636e-01,7.728992030495e-01
4.035543872870e+02,7.405707554689e+00,4.984769272915e+00,5.543828604309e+00,1.421732722625e+00,5.494923296883e-01,6.203735366099e-01
5.000000000000e+02,6.293357909162e+00,4.028382430334e+00,4.454641584642e+00,1.096392651627e+00,4.442449054801e-01,5.014542144358e-01
