t_min,eye_median_team3,eye_q1_team3,eye_q3_team3,top_median_team3,eye_median_team3_rmv40,eye_q1_team3_rmv40,eye_q3_team3_rmv40,top_median_team3_rmv40,eye_median_hover5,eye_q1_hover5,eye_q3_hover5,top_median_hover5
1.000000000000e+00,2.999078423009e+01,2.998999196225e+01,2.999126244650e+01,2.121236510318e-01,2.998920000626e+01,2.998739022716e+01,2.998922057220e+01,1.723785049772e-01,2.999581060242e+01,2.999561049529e+01,2.999609260070e+01,2.570532433973e-01
3.000000000000e+00,2.986062989340e+01,2.985204847484e+01,2.987134240136e+01,2.188313087572e-01,2.983040277571e+01,2.982792670759e+01,2.984973051114e+01,1.654519214677e-01,2.994250238358e+01,2.993927548102e+01,2.994893842377e+01,1.952576513033e-01
5.000000000000e+00,2.961072825809e+01,2.959905943583e+01,2.962046693366e+01,2.615410372537e-01,2.954159217123e+01,2.952643583939e+01,2.958014513915e+01,1.961324584802e-01,2.982974663033e+01,2.982863042014e+01,2.984466925555e+01,1.672594071461e-01
7.000000000000e+00,2.938768490928e+01,2.937683117373e+01,2.940944248848e+01,3.059048029716e-01,2.927603899620e+01,2.926602342489e+01,2.935728040859e+01,2.279165612108e-01,2.972747573010e+01,2.970662464695e+01,2.973875975826e+01,1.941247523198e-01
9.000000000000e+00,2.885017444657e+01,2.882424263566e+01,2.889635847219e+01,3.530464892412e-01,2.864647519756e+01,2.861930707844e+01,2.879559778475e+01,2.583514425138e-01,2.954093574198e+01,2.950203493588e+01,2.956506754763e+01,2.233457929987e-01
1.100000000000e+01,2.867175718412e+01,2.864415616904e+01,2.876635246870e+01,3.980869679540e-01,2.844806822916e+01,2.841110058992e+01,2.860347298005e+01,2.882451651822e-01,2.939534815535e+01,2.936037650416e+01,2.943008304544e+01,2.507478276897e-01
1.300000000000e+01,2.806666196793e+01,2.802120623871e+01,2.817943300704e+01,4.391345284038e-01,2.774810548155e+01,2.766059029104e+01,2.796543854611e+01,3.195981931731e-01,2.915247989304e+01,2.910794124786e+01,2.919866978110e+01,2.784514413682e-01
1.500000000000e+01,2.769473632794e+01,2.765932783065e+01,2.781173811099e+01,4.768069019310e-01,2.732166368580e+01,2.721857032992e+01,2.759653188781e+01,3.530742713611e-01,2.896100692915e+01,2.890016487105e+01,2.901362927131e+01,3.036773264387e-01
1.700000000000e+01,2.737608128561e+01,2.730119847539e+01,2.748468287750e+01,5.146964468200e-01,2.691706636775e+01,2.681916922365e+01,2.722651392105e+01,3.773405538460e-01,2.874846288030e+01,2.868415927098e+01,2.883514972921e+01,3.295568226821e-01
1.900000000000e+01,2.682831654382e+01,2.673980147654e+01,2.698601350123e+01,5.572101171128e-01,2.630612762331e+01,2.605937996141e+01,2.668919423550e+01,4.100149470277e-01,2.852424321420e+01,2.844074787309e+01,2.862418763347e+01,3.538829179013e-01
2.100000000000e+01,2.619365817228e+01,2.612595517247e+01,2.641808054174e+01,5.901807241336e-01,2.558679345638e+01,2.540752568852e+01,2.604495366398e+01,4.348875605885e-01,2.823255136851e+01,2.815565234574e+01,2.835201252177e+01,3.762005000489e-01
2.300000000000e+01,2.566640556628e+01,2.558281230194e+01,2.590796771315e+01,6.312099717935e-01,2.490610120302e+01,2.472824863002e+01,2.547360754017e+01,4.615084246155e-01,2.794056383169e+01,2.785303000076e+01,2.809953370442e+01,3.988376698504e-01
2.500000000000e+01,2.509809358355e+01,2.495016751245e+01,2.535998602253e+01,6.653789546901e-01,2.426205704996e+01,2.408317270234e+01,2.486138342450e+01,4.893044455311e-01,2.763374364147e+01,2.757666957110e+01,2.782062450457e+01,4.235595603737e-01
2.700000000000e+01,2.440755973103e+01,2.427459525280e+01,2.475168966234e+01,6.974460979597e-01,2.349430654472e+01,2.326960091560e+01,2.417797712810e+01,5.156464161420e-01,2.729691592604e+01,2.721968466081e+01,2.751773264827e+01,4.445969063286e-01
2.900000000000e+01,2.364186705723e+01,2.350865078128e+01,2.402105841434e+01,7.315763235529e-01,2.263276289831e+01,2.234823278767e+01,2.337367965672e+01,5.414942255571e-01,2.696081980383e+01,2.683327727649e+01,2.717862013405e+01,4.703400772254e-01
3.100000000000e+01,2.281511574056e+01,2.278425726313e+01,2.325234144973e+01,7.721842778446e-01,2.168179729958e+01,2.141006626744e+01,2.245741325271e+01,5.641209555360e-01,2.656291658717e+01,2.639228120989e+01,2.678416234354e+01,4.912994291087e-01
3.300000000000e+01,2.189003385132e+01,2.179954535867e+01,2.234995623278e+01,7.982513001160e-01,2.060970074815e+01,2.027158475444e+01,2.147103130484e+01,5.890395137318e-01,2.614904566889e+01,2.593379218866e+01,2.638277412588e+01,5.101643585073e-01
3.500000000000e+01,2.088324391375e+01,2.077434285744e+01,2.146484445889e+01,8.290035190867e-01,1.957407543711e+01,1.918588387619e+01,2.055988768009e+01,6.216682562726e-01,2.567133096090e+01,2.549348590605e+01,2.594057418868e+01,5.309759965359e-01
3.700000000000e+01,1.999449123554e+01,1.979411118455e+01,2.058556827202e+01,8.528664618977e-01,1.833225898536e+01,1.796436446642e+01,1.951909423570e+01,6.385283812888e-01,2.516738928537e+01,2.492205088016e+01,2.553745045177e+01,5.486427323658e-01
3.900000000000e+01,1.895346686680e+01,1.881970763520e+01,1.968444356985e+01,8.894058284991e-01,1.726087633953e+01,1.675539902501e+01,1.842380204871e+01,6.542463040037e-01,2.467922478218e+01,2.448537606711e+01,2.507470780519e+01,5.701818274864e-01
4.100000000000e+01,1.800944550477e+01,1.770663228745e+01,1.868218903884e+01,9.280480047387e-01,1.605391453107e+01,1.569250989404e+01,1.742105849711e+01,6.718699820344e-01,2.416380740953e+01,2.391218888835e+01,2.461656757750e+01,5.853888604152e-01
4.300000000000e+01,1.689305772035e+01,1.645183923138e+01,1.763134902369e+01,9.549970625000e-01,1.471916468770e+01,1.417001770042e+01,1.629494493558e+01,6.930066178863e-01,2.358764019702e+01,2.339763972002e+01,2.410637480075e+01,6.057472829808e-01
4.500000000000e+01,1.572413754739e+01,1.522925084797e+01,1.640579391319e+01,9.917360305544e-01,1.326750372701e+01,1.277606824606e+01,1.512765816602e+01,7.174316542759e-01,2.296787632849e+01,2.278089841956e+01,2.356062863531e+01,6.275975241855e-01
4.700000000000e+01,1.459804360970e+01,1.375425602573e+01,1.544436597964e+01,1.005698584651e+00,1.228189950829e+01,1.200013230725e+01,1.408464675698e+01,7.396471921485e-01,2.241900135845e+01,2.222305609361e+01,2.307054776212e+01,6.441428216124e-01
4.900000000000e+01,1.334201125005e+01,1.276723763337e+01,1.434143145093e+01,1.043323272421e+00,1.165973566780e+01,1.133390885868e+01,1.286775211106e+01,7.607772384702e-01,2.181830962214e+01,2.164064636694e+01,2.248628426355e+01,6.683357399051e-01
5.100000000000e+01,1.241520353015e+01,1.210920508715e+01,1.326483239134e+01,1.061513612183e+00,1.104939377138e+01,1.058611033839e+01,1.209102977195e+01,7.840292216530e-01,2.119733455086e+01,2.096655832934e+01,2.194746348834e+01,6.866090710203e-01
5.300000000000e+01,1.182207504759e+01,1.166320571839e+01,1.237145561443e+01,1.080789435149e+00,1.058721977432e+01,1.011387483943e+01,1.148943858972e+01,8.109965313894e-01,2.064103806175e+01,2.033953297820e+01,2.143500559111e+01,7.046168937878e-01
5.500000000000e+01,1.130439721393e+01,1.127062364354e+01,1.173865872239e+01,1.113307799101e+00,1.009813217498e+01,9.716648798419e+00,1.096690272425e+01,8.276644055340e-01,2.012820606992e+01,1.972402576325e+01,2.084082173275e+01,7.241385870122e-01
5.700000000000e+01,1.086201764584e+01,1.081581967710e+01,1.126398787737e+01,1.145560285702e+00,9.613482297268e+00,9.420725821440e+00,1.048419457017e+01,8.494615483854e-01,1.945612761345e+01,1.914462776630e+01,2.028147376687e+01,7.393083127232e-01
5.900000000000e+01,1.051696328048e+01,1.045918301475e+01,1.089789675135e+01,1.158042756473e+00,9.204127104556e+00,9.063024852749e+00,1.009528236742e+01,8.625047436909e-01,1.885188491247e+01,1.845381654505e+01,1.963861478621e+01,7.554577417559e-01
6.100000000000e+01,1.019476655171e+01,1.002938275972e+01,1.049361638624e+01,1.190574095129e+00,8.937007019230e+00,8.647410897327e+00,9.635593562410e+00,8.784160372188e-01,1.824305113795e+01,1.783611679584e+01,1.919563922749e+01,7.822459545926e-01
6.300000000000e+01,9.881768600099e+00,9.747252582359e+00,1.010504853444e+01,1.219415432400e+00,8.556651026025e+00,8.332090907498e+00,9.290236287119e+00,8.943673146785e-01,1.763698997646e+01,1.730496964638e+01,1.868238788956e+01,8.000776817750e-01
6.500000000000e+01,9.553512358518e+00,9.470548492586e+00,9.742001496944e+00,1.253840528400e+00,8.264696271002e+00,8.086362922616e+00,8.800550510697e+00,9.139651979695e-01,1.707462735982e+01,1.667081715404e+01,1.819712304519e+01,8.158300423567e-01
6.700000000000e+01,9.245519571333e+00,9.125055400413e+00,9.462982412651e+00,1.277432674249e+00,7.925844643789e+00,7.812601219178e+00,8.444798699052e+00,9.340422665747e-01,1.658599635170e+01,1.614084210614e+01,1.767363012311e+01,8.394735177064e-01
6.900000000000e+01,8.946978271151e+00,8.720358126673e+00,9.124180901161e+00,1.304133133306e+00,7.671096908145e+00,7.464897965728e+00,8.157462679239e+00,9.502144097966e-01,1.593577344388e+01,1.549276070716e+01,1.711409423445e+01,8.634807390310e-01
7.100000000000e+01,8.685388791467e+00,8.515125143051e+00,8.862482679266e+00,1.322317921582e+00,7.414906216334e+00,7.206791780690e+00,7.833862448430e+00,9.788072488989e-01,1.536657189552e+01,1.482269567363e+01,1.660114789621e+01,8.880479357020e-01
7.300000000000e+01,8.413195360637e+00,8.272176919733e+00,8.584279680373e+00,1.353167721725e+00,7.228968243077e+00,6.986914143184e+00,7.486370494990e+00,9.968437613587e-01,1.485881963375e+01,1.432733544071e+01,1.603220480646e+01,9.017094209099e-01
7.500000000000e+01,8.177968465723e+00,8.062535520720e+00,8.327605129923e+00,1.381065328851e+00,6.989918424123e+00,6.682239513195e+00,7.263319621540e+00,1.020964312828e+00,1.431184585186e+01,1.377526355392e+01,1.548219961105e+01,9.175392222096e-01
7.700000000000e+01,7.936148478709e+00,7.865754134256e+00,8.098403787993e+00,1.407380774117e+00,6.834093973605e+00,6.453542010605e+00,7.024140629470e+00,1.038022895953e+00,1.372379869152e+01,1.313728910287e+01,1.513966385223e+01,9.288179958664e-01
7.900000000000e+01,7.696267599998e+00,7.572171764138e+00,7.912546478295e+00,1.437294261367e+00,6.673352462084e+00,6.281261252983e+00,6.785638543506e+00,1.058098136985e+00,1.327051415874e+01,1.269277699903e+01,1.463698606946e+01,9.438455070215e-01
8.100000000000e+01,7.445302549477e+00,7.386860114823e+00,7.693359266474e+00,1.453734452454e+00,6.524829747038e+00,6.074782993065e+00,6.605915191403e+00,1.083674428978e+00,1.279120218074e+01,1.215590856008e+01,1.422233383382e+01,9.666650681276e-01
8.300000000000e+01,7.279664603773e+00,7.156786720480e+00,7.538396229789e+00,1.483583785519e+00,6.397412815972e+00,5.941647379174e+00,6.473814892435e+00,1.119914079201e+00,1.218426614633e+01,1.165612901866e+01,1.370712696239e+01,9.832552998469e-01
8.500000000000e+01,7.149513932119e+00,6.968243783653e+00,7.388408303499e+00,1.507234543529e+00,6.294966876842e+00,5.807240115621e+00,6.370774608606e+00,1.150648154601e+00,1.169575124892e+01,1.111610566037e+01,1.331488232870e+01,9.983714093990e-01
8.700000000000e+01,7.017869432065e+00,6.806383557460e+00,7.291552418645e+00,1.533204551206e+00,6.178192856777e+00,5.741345446828e+00,6.230873189338e+00,1.157152118933e+00,1.130611570625e+01,1.072410314471e+01,1.287631233262e+01,1.012918225370e+00
8.900000000000e+01,6.893055211893e+00,6.673642255642e+00,7.156613828581e+00,1.562820036682e+00,6.032620031776e+00,5.622284501249e+00,6.103410046893e+00,1.171729014121e+00,1.094165521757e+01,1.029003416424e+01,1.255251589253e+01,1.031765464661e+00
