n,log_rg_mean
1.000000000000e+02,1.861595826780e+00
1.230000000000e+02,1.975250558691e+00
1.520000000000e+02,2.113749243148e+00
1.880000000000e+02,2.261697585129e+00
2.320000000000e+02,2.367290997184e+00
2.860000000000e+02,2.470181103736e+00
3.530000000000e+02,2.587079346458e+00
4.360000000000e+02,2.708538304467e+00
5.380000000000e+02,2.828910876677e+00
6.650000000000e+02,2.941349013140e+00
8.200000000000e+02,3.065608848718e+00
1.013000000000e+03,3.158060125250e+00
1.250000000000e+03,3.278545111851e+00
1.543000000000e+03,3.392043666815e+00
1.905000000000e+03,3.489188460851e+00
2.351000000000e+03,3.603805544800e+00
2.903000000000e+03,3.705304757949e+00
3.583000000000e+03,3.847676828965e+00
4.422000000000e+03,3.963538282329e+00
5.459000000000e+03,4.070973107103e+00
6.738000000000e+03,4.195827765186e+00
8.317000000000e+03,4.270821136642e+00
1.026600000000e+04,4.379072939630e+00
1.267200000000e+04,4.471627635544e+00
1.564100000000e+04,4.583962219818e+00
1.930600000000e+04,4.723720116135e+00
2.383100000000e+04,4.828641952661e+00
2.941500000000e+04,4.930425283963e+00
3.630700000000e+04,5.029197312537e+00
4.481500000000e+04,5.124793147302e+00
5.531600000000e+04,5.227605384281e+00
6.827800000000e+04,5.343197368466e+00
8.427800000000e+04,5.442377939227e+00
1.040260000000e+05,5.468048939232e+00
1.284010000000e+05,5.614756903230e+00
1.584890000000e+05,5.737720362284e+00
