phi_c,v_d,lead,second,third,fourth,team4_over_solo
2.000000000000e-01,2.000000000000e-07,9.687577449773e+01,3.888157839740e+01,2.656160910952e+01,1.952143313850e+01,1.858590368508e+00
2.000000000000e-01,2.000000000000e-06,9.664661620212e+01,3.883627456874e+01,2.651307395505e+01,1.951824228213e+01,1.859667234149e+00
2.000000000000e-01,2.000000000000e-05,8.728109458622e+01,3.604046582642e+01,2.461129335950e+01,1.834007782823e+01,1.885941621259e+00
5.000000000000e-01,2.000000000000e-07,1.207840236570e+02,5.111989829226e+01,3.416329481872e+01,2.663464563692e+01,1.900087251826e+00
5.000000000000e-01,2.000000000000e-06,1.206654103909e+02,5.109474610977e+01,3.409097876011e+01,2.662301028350e+01,1.900089962924e+00
5.000000000000e-01,2.000000000000e-05,1.128608334896e+02,4.864852780042e+01,3.216073794413e+01,2.559810635519e+01,1.914974264287e+00
8.000000000000e-01,2.000000000000e-07,1.481035546405e+02,6.295796736852e+01,4.188384739836e+01,3.366985825477e+01,1.907822301252e+00
8.000000000000e-01,2.000000000000e-06,1.480586113928e+02,6.297503616901e+01,4.185818832749e+01,3.366396636035e+01,1.908048470184e+00
8.000000000000e-01,2.000000000000e-05,1.415885952533e+02,6.103817061246e+01,4.061048772113e+01,3.285613488215e+01,1.921018880931e+00
